,Unnamed: 0,Map Name,Matchup,patch,Wins,Losses,Games,win_perc,loss_perc,pillar_label
0,12,Abyssal Reef LE,PvT,3.11,1070,1162,2232,0.4794,0.5206,No pillar
1,19,Abyssal Reef LE,PvZ,3.11,1260,1340,2600,0.4846,0.5154,No pillar
2,26,Abyssal Reef LE,TvZ,3.11,1656,1916,3572,0.4636,0.5364,No pillar
3,87,Bel'Shir Vestige LE (Void),PvT,3.11,1276,1243,2519,0.5066,0.4934,Pillar can see natural entrance
4,90,Bel'Shir Vestige LE (Void),PvZ,3.11,1285,1407,2692,0.4773,0.5227,Pillar can see natural entrance
5,93,Bel'Shir Vestige LE (Void),TvZ,3.11,1949,2099,4048,0.4815,0.5185,Pillar can see natural entrance
6,120,Cactus Valley LE (Void),PvT,3.11,923,874,1797,0.5136,0.4864,Pillar can see natural entrance
7,123,Cactus Valley LE (Void),PvZ,3.11,1001,1105,2106,0.4753,0.5247,Pillar can see natural entrance
8,126,Cactus Valley LE (Void),TvZ,3.11,1246,1534,2780,0.4482,0.5518,Pillar can see natural entrance
9,228,Honorgrounds LE,PvT,3.11,672,700,1372,0.4898,0.5102,Pillar can see natural entrance
10,231,Honorgrounds LE,PvZ,3.11,756,734,1490,0.5074,0.4926,Pillar can see natural entrance
11,234,Honorgrounds LE,TvZ,3.11,1003,985,1988,0.5045,0.4955,Pillar can see natural entrance
12,300,Newkirk Precinct TE (Void),PvT,3.11,1377,1308,2685,0.5128,0.4872,Pillar cannot see natural entrance
13,303,Newkirk Precinct TE (Void),PvZ,3.11,1389,1452,2841,0.4889,0.5111,Pillar cannot see natural entrance
14,306,Newkirk Precinct TE (Void),TvZ,3.11,2057,2019,4076,0.5047,0.4953,Pillar cannot see natural entrance
15,336,Paladino Terminal LE,PvT,3.11,834,845,1679,0.4967,0.5033,Pillar can see natural entrance
16,339,Paladino Terminal LE,PvZ,3.11,712,972,1684,0.4228,0.5772,Pillar can see natural entrance
17,342,Paladino Terminal LE,TvZ,3.11,1285,1501,2786,0.4612,0.5388,Pillar can see natural entrance
18,360,Proxima Station LE,PvT,3.11,1090,1079,2169,0.5025,0.4975,Pillar can see natural entrance
19,364,Proxima Station LE,PvZ,3.11,1070,1013,2083,0.5137,0.4863,Pillar can see natural entrance
20,368,Proxima Station LE,TvZ,3.11,1505,1403,2908,0.5175,0.4825,Pillar can see natural entrance
21,13,Abyssal Reef LE,PvT,3.12,2602,2651,5253,0.4953,0.5047,No pillar
22,20,Abyssal Reef LE,PvZ,3.12,2746,2931,5677,0.4837,0.5163,No pillar
23,27,Abyssal Reef LE,TvZ,3.12,3559,3901,7460,0.4771,0.5229,No pillar
24,51,Ascension to Aiur LE,PvT,3.12,1431,1260,2691,0.5318,0.4682,Pillar cannot see natural entrance
25,56,Ascension to Aiur LE,PvZ,3.12,1352,1427,2779,0.4865,0.5135,Pillar cannot see natural entrance
26,61,Ascension to Aiur LE,TvZ,3.12,1600,1827,3427,0.4669,0.5331,Pillar cannot see natural entrance
27,88,Bel'Shir Vestige LE (Void),PvT,3.12,2050,1951,4001,0.5124,0.4876,Pillar can see natural entrance
28,91,Bel'Shir Vestige LE (Void),PvZ,3.12,1816,1874,3690,0.4921,0.5079,Pillar can see natural entrance
29,94,Bel'Shir Vestige LE (Void),TvZ,3.12,2592,2692,5284,0.4905,0.5095,Pillar can see natural entrance
30,111,Blood Boil LE,PvT,3.12,671,732,1403,0.4783,0.5217,Pillar can see natural entrance
31,113,Blood Boil LE,PvZ,3.12,718,797,1515,0.4739,0.5261,Pillar can see natural entrance
32,115,Blood Boil LE,TvZ,3.12,1050,928,1978,0.5308,0.4692,Pillar can see natural entrance
33,121,Cactus Valley LE (Void),PvT,3.12,1301,1218,2519,0.5165,0.4835,Pillar can see natural entrance
34,124,Cactus Valley LE (Void),PvZ,3.12,1356,1457,2813,0.482,0.518,Pillar can see natural entrance
35,127,Cactus Valley LE (Void),TvZ,3.12,1688,1979,3667,0.4603,0.5397,Pillar can see natural entrance
36,171,Defender's Landing LE,PvT,3.12,765,747,1512,0.506,0.494,Pillar can see natural entrance
37,173,Defender's Landing LE,PvZ,3.12,650,895,1545,0.4207,0.5793,Pillar can see natural entrance
38,175,Defender's Landing LE,TvZ,3.12,1239,1471,2710,0.4572,0.5428,Pillar can see natural entrance
39,229,Honorgrounds LE,PvT,3.12,913,986,1899,0.4808,0.5192,Pillar can see natural entrance
40,232,Honorgrounds LE,PvZ,3.12,881,1001,1882,0.4681,0.5319,Pillar can see natural entrance
41,235,Honorgrounds LE,TvZ,3.12,1173,1210,2383,0.4922,0.5078,Pillar can see natural entrance
42,301,Newkirk Precinct TE (Void),PvT,3.12,2045,1998,4043,0.5058,0.4942,Pillar cannot see natural entrance
43,304,Newkirk Precinct TE (Void),PvZ,3.12,1890,1858,3748,0.5043,0.4957,Pillar cannot see natural entrance
44,307,Newkirk Precinct TE (Void),TvZ,3.12,2792,2750,5542,0.5038,0.4962,Pillar cannot see natural entrance
45,315,Odyssey LE,PvT,3.12,1263,1260,2523,0.5006,0.4994,Pillar can see natural entrance
46,320,Odyssey LE,PvZ,3.12,1334,1312,2646,0.5042,0.4958,Pillar can see natural entrance
47,325,Odyssey LE,TvZ,3.12,1609,1946,3555,0.4526,0.5474,Pillar can see natural entrance
48,337,Paladino Terminal LE,PvT,3.12,997,1053,2050,0.4863,0.5137,Pillar can see natural entrance
49,340,Paladino Terminal LE,PvZ,3.12,915,1154,2069,0.4422,0.5578,Pillar can see natural entrance
50,343,Paladino Terminal LE,TvZ,3.12,1589,1773,3362,0.4726,0.5274,Pillar can see natural entrance
51,361,Proxima Station LE,PvT,3.12,2460,2503,4963,0.4957,0.5043,Pillar can see natural entrance
52,365,Proxima Station LE,PvZ,3.12,2302,2082,4384,0.5251,0.4749,Pillar can see natural entrance
53,369,Proxima Station LE,TvZ,3.12,3203,2718,5921,0.541,0.459,Pillar can see natural entrance
54,381,Sequencer LE,PvT,3.12,834,749,1583,0.5268,0.4732,Pillar can see natural entrance
55,383,Sequencer LE,PvZ,3.12,855,896,1751,0.4883,0.5117,Pillar can see natural entrance
56,385,Sequencer LE,TvZ,3.12,999,1085,2084,0.4794,0.5206,Pillar can see natural entrance
57,14,Abyssal Reef LE,PvT,3.14,7564,7756,15320,0.4937,0.5063,No pillar
58,21,Abyssal Reef LE,PvZ,3.14,7936,7655,15591,0.509,0.491,No pillar
59,28,Abyssal Reef LE,TvZ,3.14,10882,11143,22025,0.4941,0.5059,No pillar
60,42,Acolyte LE,PvT,3.14,4756,4747,9503,0.5005,0.4995,Pillar can see natural entrance
61,43,Acolyte LE,PvZ,3.14,4976,4265,9241,0.5385,0.4615,Pillar can see natural entrance
62,44,Acolyte LE,TvZ,3.14,6361,5466,11827,0.5378,0.4622,Pillar can see natural entrance
63,52,Ascension to Aiur LE,PvT,3.14,9463,8666,18129,0.522,0.478,Pillar cannot see natural entrance
64,57,Ascension to Aiur LE,PvZ,3.14,9702,9990,19692,0.4927,0.5073,Pillar cannot see natural entrance
65,62,Ascension to Aiur LE,TvZ,3.14,11601,13792,25393,0.4569,0.5431,Pillar cannot see natural entrance
66,112,Blood Boil LE,PvT,3.14,1233,1284,2517,0.4899,0.5101,Pillar can see natural entrance
67,114,Blood Boil LE,PvZ,3.14,1281,1162,2443,0.5244,0.4756,Pillar can see natural entrance
68,116,Blood Boil LE,TvZ,3.14,2130,1824,3954,0.5387,0.4613,Pillar can see natural entrance
69,129,Catallena LE (Void),PvT,3.14,2656,2965,5621,0.4725,0.5275,Pillar can see natural entrance
70,130,Catallena LE (Void),PvZ,3.14,2612,2827,5439,0.4802,0.5198,Pillar can see natural entrance
71,131,Catallena LE (Void),TvZ,3.14,4360,4072,8432,0.5171,0.4829,Pillar can see natural entrance
72,172,Defender's Landing LE,PvT,3.14,1432,1497,2929,0.4889,0.5111,Pillar can see natural entrance
73,174,Defender's Landing LE,PvZ,3.14,1331,1643,2974,0.4475,0.5525,Pillar can see natural entrance
74,176,Defender's Landing LE,TvZ,3.14,2589,2982,5571,0.4647,0.5353,Pillar can see natural entrance
75,243,Interloper LE,PvT,3.14,5431,5257,10688,0.5081,0.4919,Pillar can see natural entrance
76,244,Interloper LE,PvZ,3.14,5055,4925,9980,0.5065,0.4935,Pillar can see natural entrance
77,245,Interloper LE,TvZ,3.14,6843,6953,13796,0.496,0.504,Pillar can see natural entrance
78,273,Mech Depot LE,PvT,3.14,4747,4345,9092,0.5221,0.4779,No pillar
79,274,Mech Depot LE,PvZ,3.14,4967,5148,10115,0.4911,0.5089,No pillar
80,275,Mech Depot LE,TvZ,3.14,6448,7084,13532,0.4765,0.5235,No pillar
81,316,Odyssey LE,PvT,3.14,9029,8374,17403,0.5188,0.4812,Pillar can see natural entrance
82,321,Odyssey LE,PvZ,3.14,9541,9623,19164,0.4979,0.5021,Pillar can see natural entrance
83,326,Odyssey LE,TvZ,3.14,11551,13025,24576,0.47,0.53,Pillar can see natural entrance
84,362,Proxima Station LE,PvT,3.14,2328,2320,4648,0.5009,0.4991,Pillar can see natural entrance
85,366,Proxima Station LE,PvZ,3.14,2198,1945,4143,0.5305,0.4695,Pillar can see natural entrance
86,370,Proxima Station LE,TvZ,3.14,2900,2451,5351,0.542,0.458,Pillar can see natural entrance
87,382,Sequencer LE,PvT,3.14,1682,1681,3363,0.5001,0.4999,Pillar can see natural entrance
88,384,Sequencer LE,PvZ,3.14,1872,1861,3733,0.5015,0.4985,Pillar can see natural entrance
89,386,Sequencer LE,TvZ,3.14,2167,2289,4456,0.4863,0.5137,Pillar can see natural entrance
90,15,Abyssal Reef LE,PvT,3.8,2019,2089,4108,0.4915,0.5085,No pillar
91,22,Abyssal Reef LE,PvZ,3.8,2090,2125,4215,0.4958,0.5042,No pillar
92,29,Abyssal Reef LE,TvZ,3.8,3000,3365,6365,0.4713,0.5287,No pillar
93,89,Bel'Shir Vestige LE (Void),PvT,3.8,1975,1841,3816,0.5176,0.4824,Pillar can see natural entrance
94,92,Bel'Shir Vestige LE (Void),PvZ,3.8,1713,1882,3595,0.4765,0.5235,Pillar can see natural entrance
95,95,Bel'Shir Vestige LE (Void),TvZ,3.8,2640,3010,5650,0.4673,0.5327,Pillar can see natural entrance
96,122,Cactus Valley LE (Void),PvT,3.8,1757,1806,3563,0.4931,0.5069,Pillar can see natural entrance
97,125,Cactus Valley LE (Void),PvZ,3.8,1863,1863,3726,0.5,0.5,Pillar can see natural entrance
98,128,Cactus Valley LE (Void),TvZ,3.8,2448,2851,5299,0.462,0.538,Pillar can see natural entrance
99,162,Daybreak LE (Void),PvT,3.8,910,967,1877,0.4848,0.5152,No pillar
100,163,Daybreak LE (Void),PvZ,3.8,896,950,1846,0.4854,0.5146,No pillar
101,164,Daybreak LE (Void),TvZ,3.8,1568,1745,3313,0.4733,0.5267,No pillar
102,192,Echo LE (Void),PvT,3.8,1123,1205,2328,0.4824,0.5176,Pillar cannot see natural entrance
103,193,Echo LE (Void),PvZ,3.8,1113,1040,2153,0.517,0.483,Pillar cannot see natural entrance
104,194,Echo LE (Void),TvZ,3.8,1623,1632,3255,0.4986,0.5014,Pillar cannot see natural entrance
105,225,Habitation Station LE (Void),PvT,3.8,994,903,1897,0.524,0.476,Pillar can see natural entrance
106,226,Habitation Station LE (Void),PvZ,3.8,982,1017,1999,0.4912,0.5088,Pillar can see natural entrance
107,227,Habitation Station LE (Void),TvZ,3.8,1243,1415,2658,0.4676,0.5324,Pillar can see natural entrance
108,230,Honorgrounds LE,PvT,3.8,1330,1410,2740,0.4854,0.5146,Pillar can see natural entrance
109,233,Honorgrounds LE,PvZ,3.8,1473,1553,3026,0.4868,0.5132,Pillar can see natural entrance
110,236,Honorgrounds LE,TvZ,3.8,1995,1905,3900,0.5115,0.4885,Pillar can see natural entrance
111,302,Newkirk Precinct TE (Void),PvT,3.8,3533,3372,6905,0.5117,0.4883,Pillar cannot see natural entrance
112,305,Newkirk Precinct TE (Void),PvZ,3.8,3202,3215,6417,0.499,0.501,Pillar cannot see natural entrance
113,308,Newkirk Precinct TE (Void),TvZ,3.8,4899,4841,9740,0.503,0.497,Pillar cannot see natural entrance
114,330,Overgrowth LE (Void),PvT,3.8,1234,1277,2511,0.4914,0.5086,Pillar can see natural entrance
115,331,Overgrowth LE (Void),PvZ,3.8,1228,1283,2511,0.489,0.511,Pillar can see natural entrance
116,332,Overgrowth LE (Void),TvZ,3.8,1765,2069,3834,0.4604,0.5396,Pillar can see natural entrance
117,338,Paladino Terminal LE,PvT,3.8,1625,1775,3400,0.4779,0.5221,Pillar can see natural entrance
118,341,Paladino Terminal LE,PvZ,3.8,1518,1787,3305,0.4593,0.5407,Pillar can see natural entrance
119,344,Paladino Terminal LE,TvZ,3.8,2743,2973,5716,0.4799,0.5201,Pillar can see natural entrance
120,363,Proxima Station LE,PvT,3.8,2042,2021,4063,0.5026,0.4974,Pillar can see natural entrance
121,367,Proxima Station LE,PvZ,3.8,1913,1808,3721,0.5141,0.4859,Pillar can see natural entrance
122,371,Proxima Station LE,TvZ,3.8,2962,2639,5601,0.5288,0.4712,Pillar can see natural entrance
123,420,Vaani Research Station (Void),PvT,3.8,950,1131,2081,0.4565,0.5435,No pillar
124,421,Vaani Research Station (Void),PvZ,3.8,980,825,1805,0.5429,0.4571,No pillar
125,422,Vaani Research Station (Void),TvZ,3.8,1590,1223,2813,0.5652,0.4348,No pillar
126,423,Whirlwind LE (Void),PvT,3.8,572,533,1105,0.5176,0.4824,Pillar can see natural entrance
127,424,Whirlwind LE (Void),PvZ,3.8,606,667,1273,0.476,0.524,Pillar can see natural entrance
128,425,Whirlwind LE (Void),TvZ,3.8,789,863,1652,0.4776,0.5224,Pillar can see natural entrance
129,16,Abyssal Reef LE,PvT,4.0,2196,1820,4016,0.5468,0.4532,No pillar
130,23,Abyssal Reef LE,PvZ,4.0,1821,2145,3966,0.4592,0.5408,No pillar
131,30,Abyssal Reef LE,TvZ,4.0,2132,2056,4188,0.5091,0.4909,No pillar
132,53,Ascension to Aiur LE,PvT,4.0,2548,2017,4565,0.5582,0.4418,Pillar cannot see natural entrance
133,58,Ascension to Aiur LE,PvZ,4.0,2155,2519,4674,0.4611,0.5389,Pillar cannot see natural entrance
134,63,Ascension to Aiur LE,TvZ,4.0,2136,2372,4508,0.4738,0.5262,Pillar cannot see natural entrance
135,81,Battle on the Boardwalk LE,PvT,4.0,1351,1214,2565,0.5267,0.4733,No pillar
136,83,Battle on the Boardwalk LE,PvZ,4.0,1083,1565,2648,0.409,0.591,No pillar
137,85,Battle on the Boardwalk LE,TvZ,4.0,1328,1521,2849,0.4661,0.5339,No pillar
138,96,Blackpink LE,PvT,4.0,2604,2086,4690,0.5552,0.4448,Pillar can see natural entrance
139,101,Blackpink LE,PvZ,4.0,2247,2602,4849,0.4634,0.5366,Pillar can see natural entrance
140,106,Blackpink LE,TvZ,4.0,2332,2407,4739,0.4921,0.5079,Pillar can see natural entrance
141,132,Catalyst LE,PvT,4.0,2750,2189,4939,0.5568,0.4432,Pillar can see natural entrance
142,137,Catalyst LE,PvZ,4.0,2316,2646,4962,0.4667,0.5333,Pillar can see natural entrance
143,142,Catalyst LE,TvZ,4.0,2652,2434,5086,0.5214,0.4786,Pillar can see natural entrance
144,276,Neon Violet Square LE,PvT,4.0,1980,1572,3552,0.5574,0.4426,No pillar
145,281,Neon Violet Square LE,PvZ,4.0,1703,1960,3663,0.4649,0.5351,No pillar
146,286,Neon Violet Square LE,TvZ,4.0,1726,1782,3508,0.492,0.508,No pillar
147,317,Odyssey LE,PvT,4.0,2513,1872,4385,0.5731,0.4269,Pillar can see natural entrance
148,322,Odyssey LE,PvZ,4.0,2011,2421,4432,0.4537,0.5463,Pillar can see natural entrance
149,327,Odyssey LE,TvZ,4.0,2037,2225,4262,0.4779,0.5221,Pillar can see natural entrance
150,17,Abyssal Reef LE,PvT,4.1.1,4454,4120,8574,0.5195,0.4805,No pillar
151,24,Abyssal Reef LE,PvZ,4.1.1,3995,4507,8502,0.4699,0.5301,No pillar
152,31,Abyssal Reef LE,TvZ,4.1.1,4796,4629,9425,0.5089,0.4911,No pillar
153,54,Ascension to Aiur LE,PvT,4.1.1,5507,4415,9922,0.555,0.445,Pillar cannot see natural entrance
154,59,Ascension to Aiur LE,PvZ,4.1.1,4963,5791,10754,0.4615,0.5385,Pillar cannot see natural entrance
155,64,Ascension to Aiur LE,TvZ,4.1.1,5174,5339,10513,0.4922,0.5078,Pillar cannot see natural entrance
156,82,Battle on the Boardwalk LE,PvT,4.1.1,2005,1753,3758,0.5335,0.4665,No pillar
157,84,Battle on the Boardwalk LE,PvZ,4.1.1,1583,2133,3716,0.426,0.574,No pillar
158,86,Battle on the Boardwalk LE,TvZ,4.1.1,2032,2283,4315,0.4709,0.5291,No pillar
159,97,Blackpink LE,PvT,4.1.1,5396,4339,9735,0.5543,0.4457,Pillar can see natural entrance
160,102,Blackpink LE,PvZ,4.1.1,4659,5202,9861,0.4725,0.5275,Pillar can see natural entrance
161,107,Blackpink LE,TvZ,4.1.1,5351,5177,10528,0.5083,0.4917,Pillar can see natural entrance
162,133,Catalyst LE,PvT,4.1.1,5715,4917,10632,0.5375,0.4625,Pillar can see natural entrance
163,138,Catalyst LE,PvZ,4.1.1,4943,5693,10636,0.4647,0.5353,Pillar can see natural entrance
164,143,Catalyst LE,TvZ,4.1.1,5938,5508,11446,0.5188,0.4812,Pillar can see natural entrance
165,277,Neon Violet Square LE,PvT,4.1.1,3474,2969,6443,0.5392,0.4608,No pillar
166,282,Neon Violet Square LE,PvZ,4.1.1,3036,3247,6283,0.4832,0.5168,No pillar
167,287,Neon Violet Square LE,TvZ,4.1.1,3260,3412,6672,0.4886,0.5114,No pillar
168,318,Odyssey LE,PvT,4.1.1,5193,4207,9400,0.5524,0.4476,Pillar can see natural entrance
169,323,Odyssey LE,PvZ,4.1.1,4560,5257,9817,0.4645,0.5355,Pillar can see natural entrance
170,328,Odyssey LE,TvZ,4.1.1,5087,4941,10028,0.5073,0.4927,Pillar can see natural entrance
171,3,Abiogenesis LE,PvT,4.1.4,2523,2530,5053,0.4993,0.5007,Pillar can see natural entrance
172,6,Abiogenesis LE,PvZ,4.1.4,2339,2997,5336,0.4383,0.5617,Pillar can see natural entrance
173,9,Abiogenesis LE,TvZ,4.1.4,3097,3084,6181,0.5011,0.4989,Pillar can see natural entrance
174,18,Abyssal Reef LE,PvT,4.1.4,1,1,2,0.5,0.5,No pillar
175,25,Abyssal Reef LE,PvZ,4.1.4,1,0,1,1.0,0.0,No pillar
176,32,Abyssal Reef LE,TvZ,4.1.4,3,0,3,1.0,0.0,No pillar
177,33,Acid Plant LE,PvT,4.1.4,2795,2485,5280,0.5294,0.4706,Pillar can see natural entrance
178,36,Acid Plant LE,PvZ,4.1.4,2745,2982,5727,0.4793,0.5207,Pillar can see natural entrance
179,39,Acid Plant LE,TvZ,4.1.4,3207,3198,6405,0.5007,0.4993,Pillar can see natural entrance
180,55,Ascension to Aiur LE,PvT,4.1.4,1,0,1,1.0,0.0,Pillar cannot see natural entrance
181,60,Ascension to Aiur LE,PvZ,4.1.4,1,1,2,0.5,0.5,Pillar cannot see natural entrance
182,65,Ascension to Aiur LE,TvZ,4.1.4,0,4,4,0.0,1.0,Pillar cannot see natural entrance
183,72,Backwater LE,PvT,4.1.4,2693,2387,5080,0.5301,0.4699,No pillar
184,75,Backwater LE,PvZ,4.1.4,2634,2939,5573,0.4726,0.5274,No pillar
185,78,Backwater LE,TvZ,4.1.4,3093,3082,6175,0.5009,0.4991,No pillar
186,98,Blackpink LE,PvT,4.1.4,2820,2376,5196,0.5427,0.4573,Pillar can see natural entrance
187,103,Blackpink LE,PvZ,4.1.4,2667,2957,5624,0.4742,0.5258,Pillar can see natural entrance
188,108,Blackpink LE,TvZ,4.1.4,3065,2895,5960,0.5143,0.4857,Pillar can see natural entrance
189,134,Catalyst LE,PvT,4.1.4,2769,2534,5303,0.5222,0.4778,Pillar can see natural entrance
190,139,Catalyst LE,PvZ,4.1.4,2748,3024,5772,0.4761,0.5239,Pillar can see natural entrance
191,144,Catalyst LE,TvZ,4.1.4,3310,3087,6397,0.5174,0.4826,Pillar can see natural entrance
192,183,Eastwatch LE,PvT,4.1.4,2183,1930,4113,0.5308,0.4692,Pillar can see natural entrance
193,186,Eastwatch LE,PvZ,4.1.4,2160,2504,4664,0.4631,0.5369,Pillar can see natural entrance
194,189,Eastwatch LE,TvZ,4.1.4,2532,2456,4988,0.5076,0.4924,Pillar can see natural entrance
195,278,Neon Violet Square LE,PvT,4.1.4,1692,1541,3233,0.5234,0.4766,No pillar
196,283,Neon Violet Square LE,PvZ,4.1.4,1578,1727,3305,0.4775,0.5225,No pillar
197,288,Neon Violet Square LE,TvZ,4.1.4,1695,1756,3451,0.4912,0.5088,No pillar
198,319,Odyssey LE,PvT,4.1.4,1,0,1,1.0,0.0,Pillar can see natural entrance
199,324,Odyssey LE,PvZ,4.1.4,1,1,2,0.5,0.5,Pillar can see natural entrance
200,329,Odyssey LE,TvZ,4.1.4,1,2,3,0.3333,0.6667,Pillar can see natural entrance
201,45,Acropolis LE,PvT,4.10.1,12036,10305,22341,0.5387,0.4613,Pillar can see natural entrance
202,47,Acropolis LE,PvZ,4.10.1,10958,11488,22446,0.4882,0.5118,Pillar can see natural entrance
203,49,Acropolis LE,TvZ,4.10.1,12872,12403,25275,0.5093,0.4907,Pillar can see natural entrance
204,150,Cyber Forest LE,PvT,4.10.1,371,344,715,0.5189,0.4811,Pillar can see natural entrance
205,153,Cyber Forest LE,PvZ,4.10.1,371,419,790,0.4696,0.5304,Pillar can see natural entrance
206,156,Cyber Forest LE,TvZ,4.10.1,459,424,883,0.5198,0.4802,Pillar can see natural entrance
207,177,Disco Bloodbath LE,PvT,4.10.1,8909,7723,16632,0.5357,0.4643,Pillar cannot see natural entrance
208,178,Disco Bloodbath LE,PvZ,4.10.1,8188,8356,16544,0.4949,0.5051,Pillar cannot see natural entrance
209,179,Disco Bloodbath LE,TvZ,4.10.1,9904,8679,18583,0.533,0.467,Pillar cannot see natural entrance
210,195,Ephemeron LE,PvT,4.10.1,21984,19456,41440,0.5305,0.4695,Pillar can see natural entrance
211,197,Ephemeron LE,PvZ,4.10.1,18890,19949,38839,0.4864,0.5136,Pillar can see natural entrance
212,199,Ephemeron LE,TvZ,4.10.1,22325,20712,43037,0.5187,0.4813,Pillar can see natural entrance
213,201,Eternal Empire LE,PvT,4.10.1,9653,8780,18433,0.5237,0.4763,Pillar can see natural entrance
214,204,Eternal Empire LE,PvZ,4.10.1,8014,8394,16408,0.4884,0.5116,Pillar can see natural entrance
215,207,Eternal Empire LE,TvZ,4.10.1,9742,8601,18343,0.5311,0.4689,Pillar can see natural entrance
216,249,Kairos Junction LE,PvT,4.10.1,452,412,864,0.5231,0.4769,Pillar can see natural entrance
217,252,Kairos Junction LE,PvZ,4.10.1,373,399,772,0.4832,0.5168,Pillar can see natural entrance
218,255,Kairos Junction LE,TvZ,4.10.1,522,473,995,0.5246,0.4754,Pillar can see natural entrance
219,258,King's Cove LE,PvT,4.10.1,372,365,737,0.5047,0.4953,Pillar can see natural entrance
220,261,King's Cove LE,PvZ,4.10.1,318,363,681,0.467,0.533,Pillar can see natural entrance
221,264,King's Cove LE,TvZ,4.10.1,525,466,991,0.5298,0.4702,Pillar can see natural entrance
222,291,New Repugnancy LE,PvT,4.10.1,435,349,784,0.5548,0.4452,Pillar can see natural entrance
223,294,New Repugnancy LE,PvZ,4.10.1,347,402,749,0.4633,0.5367,Pillar can see natural entrance
224,297,New Repugnancy LE,TvZ,4.10.1,515,466,981,0.525,0.475,Pillar can see natural entrance
225,309,Nightshade LE,PvT,4.10.1,9727,8570,18297,0.5316,0.4684,Pillar can see natural entrance
226,311,Nightshade LE,PvZ,4.10.1,8277,8894,17171,0.482,0.518,Pillar can see natural entrance
227,313,Nightshade LE,TvZ,4.10.1,10192,8884,19076,0.5343,0.4657,Pillar can see natural entrance
228,387,Simulacrum LE,PvT,4.10.1,10496,9341,19837,0.5291,0.4709,Pillar can see natural entrance
229,389,Simulacrum LE,PvZ,4.10.1,9207,10064,19271,0.4778,0.5222,Pillar can see natural entrance
230,391,Simulacrum LE,TvZ,4.10.1,10646,10133,20779,0.5123,0.4877,Pillar can see natural entrance
231,402,Thunderbird LE,PvT,4.10.1,9418,7755,17173,0.5484,0.4516,Pillar cannot see natural entrance
232,404,Thunderbird LE,PvZ,4.10.1,8055,7935,15990,0.5038,0.4962,Pillar cannot see natural entrance
233,406,Thunderbird LE,TvZ,4.10.1,9377,8475,17852,0.5253,0.4747,Pillar cannot see natural entrance
234,408,Triton LE,PvT,4.10.1,20665,17378,38043,0.5432,0.4568,Pillar can see natural entrance
235,410,Triton LE,PvZ,4.10.1,17928,19464,37392,0.4795,0.5205,Pillar can see natural entrance
236,412,Triton LE,TvZ,4.10.1,21517,20144,41661,0.5165,0.4835,Pillar can see natural entrance
237,414,Turbo Cruise '84 LE,PvT,4.10.1,242,215,457,0.5295,0.4705,Pillar can see natural entrance
238,416,Turbo Cruise '84 LE,PvZ,4.10.1,190,210,400,0.475,0.525,Pillar can see natural entrance
239,418,Turbo Cruise '84 LE,TvZ,4.10.1,265,236,501,0.5289,0.4711,Pillar can see natural entrance
240,426,Winter's Gate LE,PvT,4.10.1,7330,6366,13696,0.5352,0.4648,Pillar can see natural entrance
241,427,Winter's Gate LE,PvZ,4.10.1,5983,6973,12956,0.4618,0.5382,Pillar can see natural entrance
242,428,Winter's Gate LE,TvZ,4.10.1,7962,7655,15617,0.5098,0.4902,Pillar can see natural entrance
243,429,World of Sleepers LE,PvT,4.10.1,17276,14435,31711,0.5448,0.4552,Pillar can see natural entrance
244,431,World of Sleepers LE,PvZ,4.10.1,15275,17547,32822,0.4654,0.5346,Pillar can see natural entrance
245,433,World of Sleepers LE,TvZ,4.10.1,19234,19159,38393,0.501,0.499,Pillar can see natural entrance
246,441,Zen LE,PvT,4.10.1,6295,5506,11801,0.5334,0.4666,Pillar can see natural entrance
247,443,Zen LE,PvZ,4.10.1,4837,6170,11007,0.4394,0.5606,Pillar can see natural entrance
248,445,Zen LE,TvZ,4.10.1,6676,6996,13672,0.4883,0.5117,Pillar can see natural entrance
249,165,Deathaura LE,PvT,4.11.4,10530,8590,19120,0.5507,0.4493,Pillar cannot see natural entrance
250,167,Deathaura LE,PvZ,4.11.4,9232,9637,18869,0.4893,0.5107,Pillar cannot see natural entrance
251,169,Deathaura LE,TvZ,4.11.4,10012,9492,19504,0.5133,0.4867,Pillar cannot see natural entrance
252,196,Ephemeron LE,PvT,4.11.4,2883,2356,5239,0.5503,0.4497,Pillar can see natural entrance
253,198,Ephemeron LE,PvZ,4.11.4,2354,2347,4701,0.5007,0.4993,Pillar can see natural entrance
254,200,Ephemeron LE,TvZ,4.11.4,2507,2323,4830,0.519,0.481,Pillar can see natural entrance
255,202,Eternal Empire LE,PvT,4.11.4,29262,25099,54361,0.5383,0.4617,Pillar can see natural entrance
256,205,Eternal Empire LE,PvZ,4.11.4,26215,27241,53456,0.4904,0.5096,Pillar can see natural entrance
257,208,Eternal Empire LE,TvZ,4.11.4,29887,26822,56709,0.527,0.473,Pillar can see natural entrance
258,210,Ever Dream LE,PvT,4.11.4,29732,24746,54478,0.5458,0.4542,Pillar can see natural entrance
259,212,Ever Dream LE,PvZ,4.11.4,26475,29041,55516,0.4769,0.5231,Pillar can see natural entrance
260,214,Ever Dream LE,TvZ,4.11.4,30248,28468,58716,0.5152,0.4848,Pillar can see natural entrance
261,219,Golden Wall LE,PvT,4.11.4,12775,11404,24179,0.5284,0.4716,Pillar can see natural entrance
262,221,Golden Wall LE,PvZ,4.11.4,10612,11798,22410,0.4735,0.5265,Pillar can see natural entrance
263,223,Golden Wall LE,TvZ,4.11.4,11892,11723,23615,0.5036,0.4964,Pillar can see natural entrance
264,237,Ice and Chrome LE,PvT,4.11.4,10130,8333,18463,0.5487,0.4513,Pillar can see natural entrance
265,239,Ice and Chrome LE,PvZ,4.11.4,8796,9834,18630,0.4721,0.5279,Pillar can see natural entrance
266,241,Ice and Chrome LE,TvZ,4.11.4,9986,9562,19548,0.5108,0.4892,Pillar can see natural entrance
267,310,Nightshade LE,PvT,4.11.4,18814,16168,34982,0.5378,0.4622,Pillar can see natural entrance
268,312,Nightshade LE,PvZ,4.11.4,17153,18081,35234,0.4868,0.5132,Pillar can see natural entrance
269,314,Nightshade LE,TvZ,4.11.4,19671,17827,37498,0.5246,0.4754,Pillar can see natural entrance
270,348,Pillars of Gold LE,PvT,4.11.4,8953,7986,16939,0.5285,0.4715,Pillar can see natural entrance
271,350,Pillars of Gold LE,PvZ,4.11.4,8197,9508,17705,0.463,0.537,Pillar can see natural entrance
272,352,Pillars of Gold LE,TvZ,4.11.4,9739,9206,18945,0.5141,0.4859,Pillar can see natural entrance
273,372,Purity and Industry LE,PvT,4.11.4,9769,8666,18435,0.5299,0.4701,Pillar can see natural entrance
274,373,Purity and Industry LE,PvZ,4.11.4,7481,7977,15458,0.484,0.516,Pillar can see natural entrance
275,374,Purity and Industry LE,TvZ,4.11.4,8849,8185,17034,0.5195,0.4805,Pillar can see natural entrance
276,388,Simulacrum LE,PvT,4.11.4,20063,17192,37255,0.5385,0.4615,Pillar can see natural entrance
277,390,Simulacrum LE,PvZ,4.11.4,18098,20204,38302,0.4725,0.5275,Pillar can see natural entrance
278,392,Simulacrum LE,TvZ,4.11.4,20609,19902,40511,0.5087,0.4913,Pillar can see natural entrance
279,396,Submarine LE,PvT,4.11.4,9252,8639,17891,0.5171,0.4829,Pillar can see natural entrance
280,398,Submarine LE,PvZ,4.11.4,8286,9330,17616,0.4704,0.5296,Pillar can see natural entrance
281,400,Submarine LE,TvZ,4.11.4,9893,9405,19298,0.5126,0.4874,Pillar can see natural entrance
282,409,Triton LE,PvT,4.11.4,2688,2214,4902,0.5483,0.4517,Pillar can see natural entrance
283,411,Triton LE,PvZ,4.11.4,2108,2303,4411,0.4779,0.5221,Pillar can see natural entrance
284,413,Triton LE,TvZ,4.11.4,2448,2377,4825,0.5074,0.4926,Pillar can see natural entrance
285,430,World of Sleepers LE,PvT,4.11.4,2034,1626,3660,0.5557,0.4443,Pillar can see natural entrance
286,432,World of Sleepers LE,PvZ,4.11.4,1873,2058,3931,0.4765,0.5235,Pillar can see natural entrance
287,434,World of Sleepers LE,TvZ,4.11.4,2050,2159,4209,0.4871,0.5129,Pillar can see natural entrance
288,442,Zen LE,PvT,4.11.4,11507,9557,21064,0.5463,0.4537,Pillar can see natural entrance
289,444,Zen LE,PvZ,4.11.4,9128,11371,20499,0.4453,0.5547,Pillar can see natural entrance
290,446,Zen LE,TvZ,4.11.4,11706,12485,24191,0.4839,0.5161,Pillar can see natural entrance
291,4,Abiogenesis LE,PvT,4.2.1,4363,4140,8503,0.5131,0.4869,Pillar can see natural entrance
292,7,Abiogenesis LE,PvZ,4.2.1,4147,4877,9024,0.4596,0.5404,Pillar can see natural entrance
293,10,Abiogenesis LE,TvZ,4.2.1,5532,5737,11269,0.4909,0.5091,Pillar can see natural entrance
294,34,Acid Plant LE,PvT,4.2.1,5930,5100,11030,0.5376,0.4624,Pillar can see natural entrance
295,37,Acid Plant LE,PvZ,4.2.1,5941,6258,12199,0.487,0.513,Pillar can see natural entrance
296,40,Acid Plant LE,TvZ,4.2.1,6594,6838,13432,0.4909,0.5091,Pillar can see natural entrance
297,73,Backwater LE,PvT,4.2.1,5688,5206,10894,0.5221,0.4779,No pillar
298,76,Backwater LE,PvZ,4.2.1,5550,5840,11390,0.4873,0.5127,No pillar
299,79,Backwater LE,TvZ,4.2.1,6316,6299,12615,0.5007,0.4993,No pillar
300,99,Blackpink LE,PvT,4.2.1,6298,5391,11689,0.5388,0.4612,Pillar can see natural entrance
301,104,Blackpink LE,PvZ,4.2.1,6406,6640,13046,0.491,0.509,Pillar can see natural entrance
302,109,Blackpink LE,TvZ,4.2.1,7125,7367,14492,0.4917,0.5083,Pillar can see natural entrance
303,135,Catalyst LE,PvT,4.2.1,6518,5961,12479,0.5223,0.4777,Pillar can see natural entrance
304,140,Catalyst LE,PvZ,4.2.1,6541,7060,13601,0.4809,0.5191,Pillar can see natural entrance
305,145,Catalyst LE,TvZ,4.2.1,8013,7556,15569,0.5147,0.4853,Pillar can see natural entrance
306,184,Eastwatch LE,PvT,4.2.1,4140,3789,7929,0.5221,0.4779,Pillar can see natural entrance
307,187,Eastwatch LE,PvZ,4.2.1,4168,4576,8744,0.4767,0.5233,Pillar can see natural entrance
308,190,Eastwatch LE,TvZ,4.2.1,4920,5125,10045,0.4898,0.5102,Pillar can see natural entrance
309,279,Neon Violet Square LE,PvT,4.2.1,3856,3387,7243,0.5324,0.4676,No pillar
310,284,Neon Violet Square LE,PvZ,4.2.1,3869,3947,7816,0.495,0.505,No pillar
311,289,Neon Violet Square LE,TvZ,4.2.1,4098,4193,8291,0.4943,0.5057,No pillar
312,0,16-Bit LE,PvT,4.3,8371,8174,16545,0.506,0.494,No pillar
313,1,16-Bit LE,PvZ,4.3,7538,7069,14607,0.5161,0.4839,No pillar
314,2,16-Bit LE,TvZ,4.3,9424,8012,17436,0.5405,0.4595,No pillar
315,5,Abiogenesis LE,PvT,4.3,1289,1159,2448,0.5266,0.4734,Pillar can see natural entrance
316,8,Abiogenesis LE,PvZ,4.3,1105,1382,2487,0.4443,0.5557,Pillar can see natural entrance
317,11,Abiogenesis LE,TvZ,4.3,1516,1591,3107,0.4879,0.5121,Pillar can see natural entrance
318,35,Acid Plant LE,PvT,4.3,20540,17909,38449,0.5342,0.4658,Pillar can see natural entrance
319,38,Acid Plant LE,PvZ,4.3,19538,20223,39761,0.4914,0.5086,Pillar can see natural entrance
320,41,Acid Plant LE,TvZ,4.3,21533,21566,43099,0.4996,0.5004,Pillar can see natural entrance
321,66,Automaton LE,PvT,4.3,8443,7089,15532,0.5436,0.4564,Pillar can see natural entrance
322,68,Automaton LE,PvZ,4.3,7708,7709,15417,0.5,0.5,Pillar can see natural entrance
323,70,Automaton LE,TvZ,4.3,8539,8264,16803,0.5082,0.4918,Pillar can see natural entrance
324,74,Backwater LE,PvT,4.3,1732,1577,3309,0.5234,0.4766,No pillar
325,77,Backwater LE,PvZ,4.3,1639,1626,3265,0.502,0.498,No pillar
326,80,Backwater LE,TvZ,4.3,1811,1783,3594,0.5039,0.4961,No pillar
327,100,Blackpink LE,PvT,4.3,2026,1684,3710,0.5461,0.4539,Pillar can see natural entrance
328,105,Blackpink LE,PvZ,4.3,2030,2052,4082,0.4973,0.5027,Pillar can see natural entrance
329,110,Blackpink LE,TvZ,4.3,2182,2244,4426,0.493,0.507,Pillar can see natural entrance
330,117,Blueshift LE,PvT,4.3,17422,15214,32636,0.5338,0.4662,Pillar can see natural entrance
331,118,Blueshift LE,PvZ,4.3,16594,17167,33761,0.4915,0.5085,Pillar can see natural entrance
332,119,Blueshift LE,TvZ,4.3,18595,18514,37109,0.5011,0.4989,Pillar can see natural entrance
333,136,Catalyst LE,PvT,4.3,12182,11059,23241,0.5242,0.4758,Pillar can see natural entrance
334,141,Catalyst LE,PvZ,4.3,11679,11671,23350,0.5002,0.4998,Pillar can see natural entrance
335,146,Catalyst LE,TvZ,4.3,13370,12910,26280,0.5088,0.4912,Pillar can see natural entrance
336,147,Cerulean Fall LE,PvT,4.3,14524,12981,27505,0.528,0.472,Pillar can see natural entrance
337,148,Cerulean Fall LE,PvZ,4.3,14688,15271,29959,0.4903,0.5097,Pillar can see natural entrance
338,149,Cerulean Fall LE,TvZ,4.3,16560,16199,32759,0.5055,0.4945,Pillar can see natural entrance
339,151,Cyber Forest LE,PvT,4.3,3389,2848,6237,0.5434,0.4566,Pillar can see natural entrance
340,154,Cyber Forest LE,PvZ,4.3,3032,3375,6407,0.4732,0.5268,Pillar can see natural entrance
341,157,Cyber Forest LE,TvZ,4.3,3287,3305,6592,0.4986,0.5014,Pillar can see natural entrance
342,159,Darkness Sanctuary LE,PvT,4.3,3723,3030,6753,0.5513,0.4487,Pillar can see natural entrance
343,160,Darkness Sanctuary LE,PvZ,4.3,3276,3841,7117,0.4603,0.5397,Pillar can see natural entrance
344,161,Darkness Sanctuary LE,TvZ,4.3,3876,4119,7995,0.4848,0.5152,Pillar can see natural entrance
345,180,Dreamcatcher LE,PvT,4.3,13149,12352,25501,0.5156,0.4844,No pillar
346,181,Dreamcatcher LE,PvZ,4.3,12020,13208,25228,0.4765,0.5235,No pillar
347,182,Dreamcatcher LE,TvZ,4.3,14844,14594,29438,0.5042,0.4958,No pillar
348,185,Eastwatch LE,PvT,4.3,1284,1094,2378,0.5399,0.4601,Pillar can see natural entrance
349,188,Eastwatch LE,PvZ,4.3,1189,1302,2491,0.4773,0.5227,Pillar can see natural entrance
350,191,Eastwatch LE,TvZ,4.3,1293,1386,2679,0.4826,0.5174,Pillar can see natural entrance
351,216,Fracture LE,PvT,4.3,7590,7375,14965,0.5072,0.4928,No pillar
352,217,Fracture LE,PvZ,4.3,7458,7904,15362,0.4855,0.5145,No pillar
353,218,Fracture LE,TvZ,4.3,8898,8388,17286,0.5148,0.4852,No pillar
354,250,Kairos Junction LE,PvT,4.3,10592,9403,19995,0.5297,0.4703,Pillar can see natural entrance
355,253,Kairos Junction LE,PvZ,4.3,9591,9885,19476,0.4925,0.5075,Pillar can see natural entrance
356,256,Kairos Junction LE,TvZ,4.3,11260,10484,21744,0.5178,0.4822,Pillar can see natural entrance
357,259,King's Cove LE,PvT,4.3,2669,2370,5039,0.5297,0.4703,Pillar can see natural entrance
358,262,King's Cove LE,PvZ,4.3,2656,2693,5349,0.4965,0.5035,Pillar can see natural entrance
359,265,King's Cove LE,TvZ,4.3,2866,2665,5531,0.5182,0.4818,Pillar can see natural entrance
360,270,Lost and Found LE,PvT,4.3,19640,17022,36662,0.5357,0.4643,Pillar can see natural entrance
361,271,Lost and Found LE,PvZ,4.3,18491,19945,38436,0.4811,0.5189,Pillar can see natural entrance
362,272,Lost and Found LE,TvZ,4.3,19685,21741,41426,0.4752,0.5248,Pillar can see natural entrance
363,280,Neon Violet Square LE,PvT,4.3,1149,992,2141,0.5367,0.4633,No pillar
364,285,Neon Violet Square LE,PvZ,4.3,1108,1136,2244,0.4938,0.5062,No pillar
365,290,Neon Violet Square LE,TvZ,4.3,1117,1112,2229,0.5011,0.4989,No pillar
366,292,New Repugnancy LE,PvT,4.3,3439,3003,6442,0.5338,0.4662,Pillar can see natural entrance
367,295,New Repugnancy LE,PvZ,4.3,3181,3253,6434,0.4944,0.5056,Pillar can see natural entrance
368,298,New Repugnancy LE,TvZ,4.3,3432,3212,6644,0.5166,0.4834,Pillar can see natural entrance
369,345,Para Site LE,PvT,4.3,13343,11629,24972,0.5343,0.4657,Pillar can see natural entrance
370,346,Para Site LE,PvZ,4.3,14084,14260,28344,0.4969,0.5031,Pillar can see natural entrance
371,347,Para Site LE,TvZ,4.3,13559,14094,27653,0.4903,0.5097,Pillar can see natural entrance
372,354,Port Aleksander LE,PvT,4.3,9952,8612,18564,0.5361,0.4639,Pillar can see natural entrance
373,356,Port Aleksander LE,PvZ,4.3,9307,9503,18810,0.4948,0.5052,Pillar can see natural entrance
374,358,Port Aleksander LE,TvZ,4.3,10292,10008,20300,0.507,0.493,Pillar can see natural entrance
375,375,Redshift LE,PvT,4.3,4398,3966,8364,0.5258,0.4742,Pillar can see natural entrance
376,376,Redshift LE,PvZ,4.3,3432,3883,7315,0.4692,0.5308,Pillar can see natural entrance
377,377,Redshift LE,TvZ,4.3,4400,4553,8953,0.4915,0.5085,Pillar can see natural entrance
378,393,Stasis LE,PvT,4.3,3486,2989,6475,0.5384,0.4616,Pillar cannot see natural entrance
379,394,Stasis LE,PvZ,4.3,2833,3179,6012,0.4712,0.5288,Pillar cannot see natural entrance
380,395,Stasis LE,TvZ,4.3,3321,3250,6571,0.5054,0.4946,Pillar cannot see natural entrance
381,435,Year Zero LE,PvT,4.3,2575,2092,4667,0.5517,0.4483,Pillar can see natural entrance
382,437,Year Zero LE,PvZ,4.3,2452,2501,4953,0.4951,0.5049,Pillar can see natural entrance
383,439,Year Zero LE,TvZ,4.3,2371,2364,4735,0.5007,0.4993,Pillar can see natural entrance
384,46,Acropolis LE,PvT,4.8.3,10667,8809,19476,0.5477,0.4523,Pillar can see natural entrance
385,48,Acropolis LE,PvZ,4.8.3,9604,10061,19665,0.4884,0.5116,Pillar can see natural entrance
386,50,Acropolis LE,TvZ,4.8.3,10606,10491,21097,0.5027,0.4973,Pillar can see natural entrance
387,67,Automaton LE,PvT,4.8.3,7932,6594,14526,0.5461,0.4539,Pillar can see natural entrance
388,69,Automaton LE,PvZ,4.8.3,6896,7234,14130,0.488,0.512,Pillar can see natural entrance
389,71,Automaton LE,TvZ,4.8.3,7668,7222,14890,0.515,0.485,Pillar can see natural entrance
390,152,Cyber Forest LE,PvT,4.8.3,18003,15110,33113,0.5437,0.4563,Pillar can see natural entrance
391,155,Cyber Forest LE,PvZ,4.8.3,16053,18498,34551,0.4646,0.5354,Pillar can see natural entrance
392,158,Cyber Forest LE,TvZ,4.8.3,18532,18906,37438,0.495,0.505,Pillar can see natural entrance
393,251,Kairos Junction LE,PvT,4.8.3,20360,18271,38631,0.527,0.473,Pillar can see natural entrance
394,254,Kairos Junction LE,PvZ,4.8.3,17706,19098,36804,0.4811,0.5189,Pillar can see natural entrance
395,257,Kairos Junction LE,TvZ,4.8.3,21615,20011,41626,0.5193,0.4807,Pillar can see natural entrance
396,260,King's Cove LE,PvT,4.8.3,16382,14754,31136,0.5261,0.4739,Pillar can see natural entrance
397,263,King's Cove LE,PvZ,4.8.3,15326,15624,30950,0.4952,0.5048,Pillar can see natural entrance
398,266,King's Cove LE,TvZ,4.8.3,18106,17058,35164,0.5149,0.4851,Pillar can see natural entrance
399,293,New Repugnancy LE,PvT,4.8.3,18382,16753,35135,0.5232,0.4768,Pillar can see natural entrance
400,296,New Repugnancy LE,PvZ,4.8.3,16613,18083,34696,0.4788,0.5212,Pillar can see natural entrance
401,299,New Repugnancy LE,TvZ,4.8.3,20326,19002,39328,0.5168,0.4832,Pillar can see natural entrance
402,355,Port Aleksander LE,PvT,4.8.3,10207,8427,18634,0.5478,0.4522,Pillar can see natural entrance
403,357,Port Aleksander LE,PvZ,4.8.3,9052,9540,18592,0.4869,0.5131,Pillar can see natural entrance
404,359,Port Aleksander LE,TvZ,4.8.3,9848,9684,19532,0.5042,0.4958,Pillar can see natural entrance
405,403,Thunderbird LE,PvT,4.8.3,8190,6323,14513,0.5643,0.4357,Pillar cannot see natural entrance
406,405,Thunderbird LE,PvZ,4.8.3,7202,6935,14137,0.5094,0.4906,Pillar cannot see natural entrance
407,407,Thunderbird LE,TvZ,4.8.3,7833,7207,15040,0.5208,0.4792,Pillar cannot see natural entrance
408,415,Turbo Cruise '84 LE,PvT,4.8.3,5721,5237,10958,0.5221,0.4779,Pillar can see natural entrance
409,417,Turbo Cruise '84 LE,PvZ,4.8.3,4796,5233,10029,0.4782,0.5218,Pillar can see natural entrance
410,419,Turbo Cruise '84 LE,TvZ,4.8.3,5807,5449,11256,0.5159,0.4841,Pillar can see natural entrance
411,436,Year Zero LE,PvT,4.8.3,6181,5114,11295,0.5472,0.4528,Pillar can see natural entrance
412,438,Year Zero LE,PvZ,4.8.3,5834,6159,11993,0.4865,0.5135,Pillar can see natural entrance
413,440,Year Zero LE,TvZ,4.8.3,6097,5849,11946,0.5104,0.4896,Pillar can see natural entrance
414,166,Deathaura LE,PvT,5.0.2,11784,9580,21364,0.5516,0.4484,Pillar cannot see natural entrance
415,168,Deathaura LE,PvZ,5.0.2,10691,10525,21216,0.5039,0.4961,Pillar cannot see natural entrance
416,170,Deathaura LE,TvZ,5.0.2,10736,10108,20844,0.5151,0.4849,Pillar cannot see natural entrance
417,203,Eternal Empire LE,PvT,5.0.2,8214,6986,15200,0.5404,0.4596,Pillar can see natural entrance
418,206,Eternal Empire LE,PvZ,5.0.2,7143,7513,14656,0.4874,0.5126,Pillar can see natural entrance
419,209,Eternal Empire LE,TvZ,5.0.2,7895,7101,14996,0.5265,0.4735,Pillar can see natural entrance
420,211,Ever Dream LE,PvT,5.0.2,9046,7512,16558,0.5463,0.4537,Pillar can see natural entrance
421,213,Ever Dream LE,PvZ,5.0.2,8407,8660,17067,0.4926,0.5074,Pillar can see natural entrance
422,215,Ever Dream LE,TvZ,5.0.2,9157,8468,17625,0.5195,0.4805,Pillar can see natural entrance
423,220,Golden Wall LE,PvT,5.0.2,3181,2784,5965,0.5333,0.4667,Pillar can see natural entrance
424,222,Golden Wall LE,PvZ,5.0.2,2672,2876,5548,0.4816,0.5184,Pillar can see natural entrance
425,224,Golden Wall LE,TvZ,5.0.2,2965,2867,5832,0.5084,0.4916,Pillar can see natural entrance
426,238,Ice and Chrome LE,PvT,5.0.2,8169,6890,15059,0.5425,0.4575,Pillar can see natural entrance
427,240,Ice and Chrome LE,PvZ,5.0.2,7686,8082,15768,0.4874,0.5126,Pillar can see natural entrance
428,242,Ice and Chrome LE,TvZ,5.0.2,8261,7713,15974,0.5172,0.4828,Pillar can see natural entrance
429,246,Jagannatha LE,PvT,5.0.2,2802,2459,5261,0.5326,0.4674,Pillar can see natural entrance
430,247,Jagannatha LE,PvZ,5.0.2,2714,2889,5603,0.4844,0.5156,Pillar can see natural entrance
431,248,Jagannatha LE,TvZ,5.0.2,2555,2742,5297,0.4823,0.5177,Pillar can see natural entrance
432,267,Lightshade LE,PvT,5.0.2,3113,2721,5834,0.5336,0.4664,Pillar can see natural entrance
433,268,Lightshade LE,PvZ,5.0.2,3032,3048,6080,0.4987,0.5013,Pillar can see natural entrance
434,269,Lightshade LE,TvZ,5.0.2,3296,3214,6510,0.5063,0.4937,Pillar can see natural entrance
435,333,Oxide LE,PvT,5.0.2,2946,2654,5600,0.5261,0.4739,Pillar can see natural entrance
436,334,Oxide LE,PvZ,5.0.2,2633,2633,5266,0.5,0.5,Pillar can see natural entrance
437,335,Oxide LE,TvZ,5.0.2,2871,2716,5587,0.5139,0.4861,Pillar can see natural entrance
438,349,Pillars of Gold LE,PvT,5.0.2,9477,8512,17989,0.5268,0.4732,Pillar can see natural entrance
439,351,Pillars of Gold LE,PvZ,5.0.2,8942,9720,18662,0.4792,0.5208,Pillar can see natural entrance
440,353,Pillars of Gold LE,TvZ,5.0.2,10068,9334,19402,0.5189,0.4811,Pillar can see natural entrance
441,378,Romanticide LE,PvT,5.0.2,3017,2551,5568,0.5418,0.4582,Pillar can see natural entrance
442,379,Romanticide LE,PvZ,5.0.2,2726,2629,5355,0.5091,0.4909,Pillar can see natural entrance
443,380,Romanticide LE,TvZ,5.0.2,2996,2761,5757,0.5204,0.4796,Pillar can see natural entrance
444,397,Submarine LE,PvT,5.0.2,9602,8738,18340,0.5236,0.4764,Pillar can see natural entrance
445,399,Submarine LE,PvZ,5.0.2,8257,9197,17454,0.4731,0.5269,Pillar can see natural entrance
446,401,Submarine LE,TvZ,5.0.2,9858,8973,18831,0.5235,0.4765,Pillar can see natural entrance
