,Map Name,Matchup,patch,patch_date,Wins,Losses,Games,win_perc,loss_perc,pillar_label,race_a,race_b,pillar
0,Abyssal Reef LE,PvT,3.11,3-7-2017,1070,1162,2232,0.4794,0.5206,No pillar,Protoss,Terran,0
1,Abyssal Reef LE,PvZ,3.11,3-7-2017,1260,1340,2600,0.4846,0.5154,No pillar,Protoss,Zerg,0
2,Abyssal Reef LE,TvZ,3.11,3-7-2017,1656,1916,3572,0.4636,0.5364,No pillar,Terran,Zerg,0
3,Bel'Shir Vestige LE (Void),PvT,3.11,3-7-2017,1276,1243,2519,0.5066,0.4934,Pillar can see natural entrance,Protoss,Terran,1
4,Bel'Shir Vestige LE (Void),PvZ,3.11,3-7-2017,1285,1407,2692,0.4773,0.5227,Pillar can see natural entrance,Protoss,Zerg,1
5,Bel'Shir Vestige LE (Void),TvZ,3.11,3-7-2017,1949,2099,4048,0.4815,0.5185,Pillar can see natural entrance,Terran,Zerg,1
6,Cactus Valley LE (Void),PvT,3.11,3-7-2017,923,874,1797,0.5136,0.4864,Pillar can see natural entrance,Protoss,Terran,1
7,Cactus Valley LE (Void),PvZ,3.11,3-7-2017,1001,1105,2106,0.4753,0.5247,Pillar can see natural entrance,Protoss,Zerg,1
8,Cactus Valley LE (Void),TvZ,3.11,3-7-2017,1246,1534,2780,0.4482,0.5518,Pillar can see natural entrance,Terran,Zerg,1
9,Honorgrounds LE,PvT,3.11,3-7-2017,672,700,1372,0.4898,0.5102,No pillar,Protoss,Terran,0
10,Honorgrounds LE,PvZ,3.11,3-7-2017,756,734,1490,0.5074,0.4926,No pillar,Protoss,Zerg,0
11,Honorgrounds LE,TvZ,3.11,3-7-2017,1003,985,1988,0.5045,0.4955,No pillar,Terran,Zerg,0
12,Newkirk Precinct TE (Void),PvT,3.11,3-7-2017,1377,1308,2685,0.5128,0.4872,No pillar,Protoss,Terran,0
13,Newkirk Precinct TE (Void),PvZ,3.11,3-7-2017,1389,1452,2841,0.4889,0.5111,No pillar,Protoss,Zerg,0
14,Newkirk Precinct TE (Void),TvZ,3.11,3-7-2017,2057,2019,4076,0.5047,0.4953,No pillar,Terran,Zerg,0
15,Paladino Terminal LE,PvT,3.11,3-7-2017,834,845,1679,0.4967,0.5033,Pillar can see natural entrance,Protoss,Terran,1
16,Paladino Terminal LE,PvZ,3.11,3-7-2017,712,972,1684,0.4228,0.5772,Pillar can see natural entrance,Protoss,Zerg,1
17,Paladino Terminal LE,TvZ,3.11,3-7-2017,1285,1501,2786,0.4612,0.5388,Pillar can see natural entrance,Terran,Zerg,1
18,Proxima Station LE,PvT,3.11,3-7-2017,1090,1079,2169,0.5025,0.4975,Pillar can see natural entrance,Protoss,Terran,1
19,Proxima Station LE,PvZ,3.11,3-7-2017,1070,1013,2083,0.5137,0.4863,Pillar can see natural entrance,Protoss,Zerg,1
20,Proxima Station LE,TvZ,3.11,3-7-2017,1505,1403,2908,0.5175,0.4825,Pillar can see natural entrance,Terran,Zerg,1
21,Abyssal Reef LE,PvT,3.12,4-19-2017,10166,10407,20573,0.4941,0.5059,No pillar,Protoss,Terran,0
22,Abyssal Reef LE,PvZ,3.12,4-19-2017,10682,10586,21268,0.5023,0.4977,No pillar,Protoss,Zerg,0
23,Abyssal Reef LE,TvZ,3.12,4-19-2017,14441,15044,29485,0.4898,0.5102,No pillar,Terran,Zerg,0
24,Acolyte LE,PvT,3.12,4-19-2017,4756,4747,9503,0.5005,0.4995,Pillar can see natural entrance,Protoss,Terran,1
25,Acolyte LE,PvZ,3.12,4-19-2017,4976,4265,9241,0.5385,0.4615,Pillar can see natural entrance,Protoss,Zerg,1
26,Acolyte LE,TvZ,3.12,4-19-2017,6361,5466,11827,0.5378,0.4622,Pillar can see natural entrance,Terran,Zerg,1
27,Ascension to Aiur LE,PvT,3.12,4-19-2017,10894,9926,20820,0.5232,0.4768,Pillar can see natural entrance,Protoss,Terran,1
28,Ascension to Aiur LE,PvZ,3.12,4-19-2017,11054,11417,22471,0.4919,0.5081,Pillar can see natural entrance,Protoss,Zerg,1
29,Ascension to Aiur LE,TvZ,3.12,4-19-2017,13201,15619,28820,0.458,0.542,Pillar can see natural entrance,Terran,Zerg,1
30,Bel'Shir Vestige LE (Void),PvT,3.12,4-19-2017,2050,1951,4001,0.5124,0.4876,Pillar can see natural entrance,Protoss,Terran,1
31,Bel'Shir Vestige LE (Void),PvZ,3.12,4-19-2017,1816,1874,3690,0.4921,0.5079,Pillar can see natural entrance,Protoss,Zerg,1
32,Bel'Shir Vestige LE (Void),TvZ,3.12,4-19-2017,2592,2692,5284,0.4905,0.5095,Pillar can see natural entrance,Terran,Zerg,1
33,Blood Boil LE,PvT,3.12,4-19-2017,1904,2016,3920,0.4857,0.5143,No pillar,Protoss,Terran,0
34,Blood Boil LE,PvZ,3.12,4-19-2017,1999,1959,3958,0.5051,0.4949,No pillar,Protoss,Zerg,0
35,Blood Boil LE,TvZ,3.12,4-19-2017,3180,2752,5932,0.5361,0.4639,No pillar,Terran,Zerg,0
36,Cactus Valley LE (Void),PvT,3.12,4-19-2017,1301,1218,2519,0.5165,0.4835,Pillar can see natural entrance,Protoss,Terran,1
37,Cactus Valley LE (Void),PvZ,3.12,4-19-2017,1356,1457,2813,0.482,0.518,Pillar can see natural entrance,Protoss,Zerg,1
38,Cactus Valley LE (Void),TvZ,3.12,4-19-2017,1688,1979,3667,0.4603,0.5397,Pillar can see natural entrance,Terran,Zerg,1
39,Catallena LE (Void),PvT,3.12,4-19-2017,2656,2965,5621,0.4725,0.5275,Pillar can see natural entrance,Protoss,Terran,1
40,Catallena LE (Void),PvZ,3.12,4-19-2017,2612,2827,5439,0.4802,0.5198,Pillar can see natural entrance,Protoss,Zerg,1
41,Catallena LE (Void),TvZ,3.12,4-19-2017,4360,4072,8432,0.5171,0.4829,Pillar can see natural entrance,Terran,Zerg,1
42,Defender's Landing LE,PvT,3.12,4-19-2017,2197,2244,4441,0.4947,0.5053,Pillar can see natural entrance,Protoss,Terran,1
43,Defender's Landing LE,PvZ,3.12,4-19-2017,1981,2538,4519,0.4384,0.5616,Pillar can see natural entrance,Protoss,Zerg,1
44,Defender's Landing LE,TvZ,3.12,4-19-2017,3828,4453,8281,0.4623,0.5377,Pillar can see natural entrance,Terran,Zerg,1
45,Honorgrounds LE,PvT,3.12,4-19-2017,913,986,1899,0.4808,0.5192,No pillar,Protoss,Terran,0
46,Honorgrounds LE,PvZ,3.12,4-19-2017,881,1001,1882,0.4681,0.5319,No pillar,Protoss,Zerg,0
47,Honorgrounds LE,TvZ,3.12,4-19-2017,1173,1210,2383,0.4922,0.5078,No pillar,Terran,Zerg,0
48,Interloper LE,PvT,3.12,4-19-2017,5431,5257,10688,0.5081,0.4919,Pillar can see natural entrance,Protoss,Terran,1
49,Interloper LE,PvZ,3.12,4-19-2017,5055,4925,9980,0.5065,0.4935,Pillar can see natural entrance,Protoss,Zerg,1
50,Interloper LE,TvZ,3.12,4-19-2017,6843,6953,13796,0.496,0.504,Pillar can see natural entrance,Terran,Zerg,1
51,Mech Depot LE,PvT,3.12,4-19-2017,4747,4345,9092,0.5221,0.4779,No pillar,Protoss,Terran,0
52,Mech Depot LE,PvZ,3.12,4-19-2017,4967,5148,10115,0.4911,0.5089,No pillar,Protoss,Zerg,0
53,Mech Depot LE,TvZ,3.12,4-19-2017,6448,7084,13532,0.4765,0.5235,No pillar,Terran,Zerg,0
54,Newkirk Precinct TE (Void),PvT,3.12,4-19-2017,2045,1998,4043,0.5058,0.4942,No pillar,Protoss,Terran,0
55,Newkirk Precinct TE (Void),PvZ,3.12,4-19-2017,1890,1858,3748,0.5043,0.4957,No pillar,Protoss,Zerg,0
56,Newkirk Precinct TE (Void),TvZ,3.12,4-19-2017,2792,2750,5542,0.5038,0.4962,No pillar,Terran,Zerg,0
57,Odyssey LE,PvT,3.12,4-19-2017,10292,9634,19926,0.5165,0.4835,Pillar can see natural entrance,Protoss,Terran,1
58,Odyssey LE,PvZ,3.12,4-19-2017,10875,10935,21810,0.4986,0.5014,Pillar can see natural entrance,Protoss,Zerg,1
59,Odyssey LE,TvZ,3.12,4-19-2017,13160,14971,28131,0.4678,0.5322,Pillar can see natural entrance,Terran,Zerg,1
60,Paladino Terminal LE,PvT,3.12,4-19-2017,997,1053,2050,0.4863,0.5137,Pillar can see natural entrance,Protoss,Terran,1
61,Paladino Terminal LE,PvZ,3.12,4-19-2017,915,1154,2069,0.4422,0.5578,Pillar can see natural entrance,Protoss,Zerg,1
62,Paladino Terminal LE,TvZ,3.12,4-19-2017,1589,1773,3362,0.4726,0.5274,Pillar can see natural entrance,Terran,Zerg,1
63,Proxima Station LE,PvT,3.12,4-19-2017,4788,4823,9611,0.4982,0.5018,Pillar can see natural entrance,Protoss,Terran,1
64,Proxima Station LE,PvZ,3.12,4-19-2017,4500,4027,8527,0.5277,0.4723,Pillar can see natural entrance,Protoss,Zerg,1
65,Proxima Station LE,TvZ,3.12,4-19-2017,6103,5169,11272,0.5414,0.4586,Pillar can see natural entrance,Terran,Zerg,1
66,Sequencer LE,PvT,3.12,4-19-2017,2516,2430,4946,0.5087,0.4913,Pillar can see natural entrance,Protoss,Terran,1
67,Sequencer LE,PvZ,3.12,4-19-2017,2727,2757,5484,0.4973,0.5027,Pillar can see natural entrance,Protoss,Zerg,1
68,Sequencer LE,TvZ,3.12,4-19-2017,3166,3374,6540,0.4841,0.5159,Pillar can see natural entrance,Terran,Zerg,1
69,Abyssal Reef LE,PvT,3.8,12-8-2016,2019,2089,4108,0.4915,0.5085,No pillar,Protoss,Terran,0
70,Abyssal Reef LE,PvZ,3.8,12-8-2016,2090,2125,4215,0.4958,0.5042,No pillar,Protoss,Zerg,0
71,Abyssal Reef LE,TvZ,3.8,12-8-2016,3000,3365,6365,0.4713,0.5287,No pillar,Terran,Zerg,0
72,Bel'Shir Vestige LE (Void),PvT,3.8,12-8-2016,1975,1841,3816,0.5176,0.4824,Pillar can see natural entrance,Protoss,Terran,1
73,Bel'Shir Vestige LE (Void),PvZ,3.8,12-8-2016,1713,1882,3595,0.4765,0.5235,Pillar can see natural entrance,Protoss,Zerg,1
74,Bel'Shir Vestige LE (Void),TvZ,3.8,12-8-2016,2640,3010,5650,0.4673,0.5327,Pillar can see natural entrance,Terran,Zerg,1
75,Cactus Valley LE (Void),PvT,3.8,12-8-2016,1757,1806,3563,0.4931,0.5069,Pillar can see natural entrance,Protoss,Terran,1
76,Cactus Valley LE (Void),PvZ,3.8,12-8-2016,1863,1863,3726,0.5,0.5,Pillar can see natural entrance,Protoss,Zerg,1
77,Cactus Valley LE (Void),TvZ,3.8,12-8-2016,2448,2851,5299,0.462,0.538,Pillar can see natural entrance,Terran,Zerg,1
78,Daybreak LE (Void),PvT,3.8,12-8-2016,910,967,1877,0.4848,0.5152,Pillar cannot see natural entrance,Protoss,Terran,0
79,Daybreak LE (Void),PvZ,3.8,12-8-2016,896,950,1846,0.4854,0.5146,Pillar cannot see natural entrance,Protoss,Zerg,0
80,Daybreak LE (Void),TvZ,3.8,12-8-2016,1568,1745,3313,0.4733,0.5267,Pillar cannot see natural entrance,Terran,Zerg,0
81,Echo LE (Void),PvT,3.8,12-8-2016,1123,1205,2328,0.4824,0.5176,No pillar,Protoss,Terran,0
82,Echo LE (Void),PvZ,3.8,12-8-2016,1113,1040,2153,0.517,0.483,No pillar,Protoss,Zerg,0
83,Echo LE (Void),TvZ,3.8,12-8-2016,1623,1632,3255,0.4986,0.5014,No pillar,Terran,Zerg,0
84,Habitation Station LE (Void),PvT,3.8,12-8-2016,994,903,1897,0.524,0.476,No pillar,Protoss,Terran,0
85,Habitation Station LE (Void),PvZ,3.8,12-8-2016,982,1017,1999,0.4912,0.5088,No pillar,Protoss,Zerg,0
86,Habitation Station LE (Void),TvZ,3.8,12-8-2016,1243,1415,2658,0.4676,0.5324,No pillar,Terran,Zerg,0
87,Honorgrounds LE,PvT,3.8,12-8-2016,1330,1410,2740,0.4854,0.5146,No pillar,Protoss,Terran,0
88,Honorgrounds LE,PvZ,3.8,12-8-2016,1473,1553,3026,0.4868,0.5132,No pillar,Protoss,Zerg,0
89,Honorgrounds LE,TvZ,3.8,12-8-2016,1995,1905,3900,0.5115,0.4885,No pillar,Terran,Zerg,0
90,Newkirk Precinct TE (Void),PvT,3.8,12-8-2016,3533,3372,6905,0.5117,0.4883,No pillar,Protoss,Terran,0
91,Newkirk Precinct TE (Void),PvZ,3.8,12-8-2016,3202,3215,6417,0.499,0.501,No pillar,Protoss,Zerg,0
92,Newkirk Precinct TE (Void),TvZ,3.8,12-8-2016,4899,4841,9740,0.503,0.497,No pillar,Terran,Zerg,0
93,Overgrowth LE (Void),PvT,3.8,12-8-2016,1234,1277,2511,0.4914,0.5086,Pillar can see natural entrance,Protoss,Terran,1
94,Overgrowth LE (Void),PvZ,3.8,12-8-2016,1228,1283,2511,0.489,0.511,Pillar can see natural entrance,Protoss,Zerg,1
95,Overgrowth LE (Void),TvZ,3.8,12-8-2016,1765,2069,3834,0.4604,0.5396,Pillar can see natural entrance,Terran,Zerg,1
96,Paladino Terminal LE,PvT,3.8,12-8-2016,1625,1775,3400,0.4779,0.5221,Pillar can see natural entrance,Protoss,Terran,1
97,Paladino Terminal LE,PvZ,3.8,12-8-2016,1518,1787,3305,0.4593,0.5407,Pillar can see natural entrance,Protoss,Zerg,1
98,Paladino Terminal LE,TvZ,3.8,12-8-2016,2743,2973,5716,0.4799,0.5201,Pillar can see natural entrance,Terran,Zerg,1
99,Proxima Station LE,PvT,3.8,12-8-2016,2042,2021,4063,0.5026,0.4974,Pillar can see natural entrance,Protoss,Terran,1
100,Proxima Station LE,PvZ,3.8,12-8-2016,1913,1808,3721,0.5141,0.4859,Pillar can see natural entrance,Protoss,Zerg,1
101,Proxima Station LE,TvZ,3.8,12-8-2016,2962,2639,5601,0.5288,0.4712,Pillar can see natural entrance,Terran,Zerg,1
102,Vaani Research Station (Void),PvT,3.8,12-8-2016,950,1131,2081,0.4565,0.5435,No pillar,Protoss,Terran,0
103,Vaani Research Station (Void),PvZ,3.8,12-8-2016,980,825,1805,0.5429,0.4571,No pillar,Protoss,Zerg,0
104,Vaani Research Station (Void),TvZ,3.8,12-8-2016,1590,1223,2813,0.5652,0.4348,No pillar,Terran,Zerg,0
105,Whirlwind LE (Void),PvT,3.8,12-8-2016,572,533,1105,0.5176,0.4824,Pillar can see natural entrance,Protoss,Terran,1
106,Whirlwind LE (Void),PvZ,3.8,12-8-2016,606,667,1273,0.476,0.524,Pillar can see natural entrance,Protoss,Zerg,1
107,Whirlwind LE (Void),TvZ,3.8,12-8-2016,789,863,1652,0.4776,0.5224,Pillar can see natural entrance,Terran,Zerg,1
108,Abyssal Reef LE,PvT,4.0.2,11-28-2017,2196,1820,4016,0.5468,0.4532,No pillar,Protoss,Terran,0
109,Abyssal Reef LE,PvZ,4.0.2,11-28-2017,1821,2145,3966,0.4592,0.5408,No pillar,Protoss,Zerg,0
110,Abyssal Reef LE,TvZ,4.0.2,11-28-2017,2132,2056,4188,0.5091,0.4909,No pillar,Terran,Zerg,0
111,Ascension to Aiur LE,PvT,4.0.2,11-28-2017,2548,2017,4565,0.5582,0.4418,Pillar can see natural entrance,Protoss,Terran,1
112,Ascension to Aiur LE,PvZ,4.0.2,11-28-2017,2155,2519,4674,0.4611,0.5389,Pillar can see natural entrance,Protoss,Zerg,1
113,Ascension to Aiur LE,TvZ,4.0.2,11-28-2017,2136,2372,4508,0.4738,0.5262,Pillar can see natural entrance,Terran,Zerg,1
114,Battle on the Boardwalk LE,PvT,4.0.2,11-28-2017,1351,1214,2565,0.5267,0.4733,No pillar,Protoss,Terran,0
115,Battle on the Boardwalk LE,PvZ,4.0.2,11-28-2017,1083,1565,2648,0.409,0.591,No pillar,Protoss,Zerg,0
116,Battle on the Boardwalk LE,TvZ,4.0.2,11-28-2017,1328,1521,2849,0.4661,0.5339,No pillar,Terran,Zerg,0
117,Blackpink LE,PvT,4.0.2,11-28-2017,2604,2086,4690,0.5552,0.4448,Pillar can see natural entrance,Protoss,Terran,1
118,Blackpink LE,PvZ,4.0.2,11-28-2017,2247,2602,4849,0.4634,0.5366,Pillar can see natural entrance,Protoss,Zerg,1
119,Blackpink LE,TvZ,4.0.2,11-28-2017,2332,2407,4739,0.4921,0.5079,Pillar can see natural entrance,Terran,Zerg,1
120,Catalyst LE,PvT,4.0.2,11-28-2017,2750,2189,4939,0.5568,0.4432,Pillar can see natural entrance,Protoss,Terran,1
121,Catalyst LE,PvZ,4.0.2,11-28-2017,2316,2646,4962,0.4667,0.5333,Pillar can see natural entrance,Protoss,Zerg,1
122,Catalyst LE,TvZ,4.0.2,11-28-2017,2652,2434,5086,0.5214,0.4786,Pillar can see natural entrance,Terran,Zerg,1
123,Neon Violet Square LE,PvT,4.0.2,11-28-2017,1980,1572,3552,0.5574,0.4426,No pillar,Protoss,Terran,0
124,Neon Violet Square LE,PvZ,4.0.2,11-28-2017,1703,1960,3663,0.4649,0.5351,No pillar,Protoss,Zerg,0
125,Neon Violet Square LE,TvZ,4.0.2,11-28-2017,1726,1782,3508,0.492,0.508,No pillar,Terran,Zerg,0
126,Odyssey LE,PvT,4.0.2,11-28-2017,2513,1872,4385,0.5731,0.4269,Pillar can see natural entrance,Protoss,Terran,1
127,Odyssey LE,PvZ,4.0.2,11-28-2017,2011,2421,4432,0.4537,0.5463,Pillar can see natural entrance,Protoss,Zerg,1
128,Odyssey LE,TvZ,4.0.2,11-28-2017,2037,2225,4262,0.4779,0.5221,Pillar can see natural entrance,Terran,Zerg,1
129,Abyssal Reef LE,PvT,4.1.1,12-18-2017,4454,4120,8574,0.5195,0.4805,No pillar,Protoss,Terran,0
130,Abyssal Reef LE,PvZ,4.1.1,12-18-2017,3995,4507,8502,0.4699,0.5301,No pillar,Protoss,Zerg,0
131,Abyssal Reef LE,TvZ,4.1.1,12-18-2017,4796,4629,9425,0.5089,0.4911,No pillar,Terran,Zerg,0
132,Ascension to Aiur LE,PvT,4.1.1,12-18-2017,5507,4415,9922,0.555,0.445,Pillar can see natural entrance,Protoss,Terran,1
133,Ascension to Aiur LE,PvZ,4.1.1,12-18-2017,4963,5791,10754,0.4615,0.5385,Pillar can see natural entrance,Protoss,Zerg,1
134,Ascension to Aiur LE,TvZ,4.1.1,12-18-2017,5174,5339,10513,0.4922,0.5078,Pillar can see natural entrance,Terran,Zerg,1
135,Battle on the Boardwalk LE,PvT,4.1.1,12-18-2017,2005,1753,3758,0.5335,0.4665,No pillar,Protoss,Terran,0
136,Battle on the Boardwalk LE,PvZ,4.1.1,12-18-2017,1583,2133,3716,0.426,0.574,No pillar,Protoss,Zerg,0
137,Battle on the Boardwalk LE,TvZ,4.1.1,12-18-2017,2032,2283,4315,0.4709,0.5291,No pillar,Terran,Zerg,0
138,Blackpink LE,PvT,4.1.1,12-18-2017,5396,4339,9735,0.5543,0.4457,Pillar can see natural entrance,Protoss,Terran,1
139,Blackpink LE,PvZ,4.1.1,12-18-2017,4659,5202,9861,0.4725,0.5275,Pillar can see natural entrance,Protoss,Zerg,1
140,Blackpink LE,TvZ,4.1.1,12-18-2017,5351,5177,10528,0.5083,0.4917,Pillar can see natural entrance,Terran,Zerg,1
141,Catalyst LE,PvT,4.1.1,12-18-2017,5715,4917,10632,0.5375,0.4625,Pillar can see natural entrance,Protoss,Terran,1
142,Catalyst LE,PvZ,4.1.1,12-18-2017,4943,5693,10636,0.4647,0.5353,Pillar can see natural entrance,Protoss,Zerg,1
143,Catalyst LE,TvZ,4.1.1,12-18-2017,5938,5508,11446,0.5188,0.4812,Pillar can see natural entrance,Terran,Zerg,1
144,Neon Violet Square LE,PvT,4.1.1,12-18-2017,3474,2969,6443,0.5392,0.4608,No pillar,Protoss,Terran,0
145,Neon Violet Square LE,PvZ,4.1.1,12-18-2017,3036,3247,6283,0.4832,0.5168,No pillar,Protoss,Zerg,0
146,Neon Violet Square LE,TvZ,4.1.1,12-18-2017,3260,3412,6672,0.4886,0.5114,No pillar,Terran,Zerg,0
147,Odyssey LE,PvT,4.1.1,12-18-2017,5193,4207,9400,0.5524,0.4476,Pillar can see natural entrance,Protoss,Terran,1
148,Odyssey LE,PvZ,4.1.1,12-18-2017,4560,5257,9817,0.4645,0.5355,Pillar can see natural entrance,Protoss,Zerg,1
149,Odyssey LE,TvZ,4.1.1,12-18-2017,5087,4941,10028,0.5073,0.4927,Pillar can see natural entrance,Terran,Zerg,1
150,Abiogenesis LE,PvT,4.1.4,1-29-2018,2523,2530,5053,0.4993,0.5007,Pillar can see natural entrance,Protoss,Terran,1
151,Abiogenesis LE,PvZ,4.1.4,1-29-2018,2339,2997,5336,0.4383,0.5617,Pillar can see natural entrance,Protoss,Zerg,1
152,Abiogenesis LE,TvZ,4.1.4,1-29-2018,3097,3084,6181,0.5011,0.4989,Pillar can see natural entrance,Terran,Zerg,1
153,Abyssal Reef LE,PvT,4.1.4,1-29-2018,1,1,2,0.5,0.5,No pillar,Protoss,Terran,0
154,Abyssal Reef LE,PvZ,4.1.4,1-29-2018,1,0,1,1.0,0.0,No pillar,Protoss,Zerg,0
155,Abyssal Reef LE,TvZ,4.1.4,1-29-2018,3,0,3,1.0,0.0,No pillar,Terran,Zerg,0
156,Acid Plant LE,PvT,4.1.4,1-29-2018,2795,2485,5280,0.5294,0.4706,Pillar can see natural entrance,Protoss,Terran,1
157,Acid Plant LE,PvZ,4.1.4,1-29-2018,2745,2982,5727,0.4793,0.5207,Pillar can see natural entrance,Protoss,Zerg,1
158,Acid Plant LE,TvZ,4.1.4,1-29-2018,3207,3198,6405,0.5007,0.4993,Pillar can see natural entrance,Terran,Zerg,1
159,Ascension to Aiur LE,PvT,4.1.4,1-29-2018,1,0,1,1.0,0.0,Pillar can see natural entrance,Protoss,Terran,1
160,Ascension to Aiur LE,PvZ,4.1.4,1-29-2018,1,1,2,0.5,0.5,Pillar can see natural entrance,Protoss,Zerg,1
161,Ascension to Aiur LE,TvZ,4.1.4,1-29-2018,0,4,4,0.0,1.0,Pillar can see natural entrance,Terran,Zerg,1
162,Backwater LE,PvT,4.1.4,1-29-2018,2693,2387,5080,0.5301,0.4699,Pillar cannot see natural entrance,Protoss,Terran,0
163,Backwater LE,PvZ,4.1.4,1-29-2018,2634,2939,5573,0.4726,0.5274,Pillar cannot see natural entrance,Protoss,Zerg,0
164,Backwater LE,TvZ,4.1.4,1-29-2018,3093,3082,6175,0.5009,0.4991,Pillar cannot see natural entrance,Terran,Zerg,0
165,Blackpink LE,PvT,4.1.4,1-29-2018,2820,2376,5196,0.5427,0.4573,Pillar can see natural entrance,Protoss,Terran,1
166,Blackpink LE,PvZ,4.1.4,1-29-2018,2667,2957,5624,0.4742,0.5258,Pillar can see natural entrance,Protoss,Zerg,1
167,Blackpink LE,TvZ,4.1.4,1-29-2018,3065,2895,5960,0.5143,0.4857,Pillar can see natural entrance,Terran,Zerg,1
168,Catalyst LE,PvT,4.1.4,1-29-2018,2769,2534,5303,0.5222,0.4778,Pillar can see natural entrance,Protoss,Terran,1
169,Catalyst LE,PvZ,4.1.4,1-29-2018,2748,3024,5772,0.4761,0.5239,Pillar can see natural entrance,Protoss,Zerg,1
170,Catalyst LE,TvZ,4.1.4,1-29-2018,3310,3087,6397,0.5174,0.4826,Pillar can see natural entrance,Terran,Zerg,1
171,Eastwatch LE,PvT,4.1.4,1-29-2018,2183,1930,4113,0.5308,0.4692,Pillar can see natural entrance,Protoss,Terran,1
172,Eastwatch LE,PvZ,4.1.4,1-29-2018,2160,2504,4664,0.4631,0.5369,Pillar can see natural entrance,Protoss,Zerg,1
173,Eastwatch LE,TvZ,4.1.4,1-29-2018,2532,2456,4988,0.5076,0.4924,Pillar can see natural entrance,Terran,Zerg,1
174,Neon Violet Square LE,PvT,4.1.4,1-29-2018,1692,1541,3233,0.5234,0.4766,No pillar,Protoss,Terran,0
175,Neon Violet Square LE,PvZ,4.1.4,1-29-2018,1578,1727,3305,0.4775,0.5225,No pillar,Protoss,Zerg,0
176,Neon Violet Square LE,TvZ,4.1.4,1-29-2018,1695,1756,3451,0.4912,0.5088,No pillar,Terran,Zerg,0
177,Odyssey LE,PvT,4.1.4,1-29-2018,1,0,1,1.0,0.0,Pillar can see natural entrance,Protoss,Terran,1
178,Odyssey LE,PvZ,4.1.4,1-29-2018,1,1,2,0.5,0.5,Pillar can see natural entrance,Protoss,Zerg,1
179,Odyssey LE,TvZ,4.1.4,1-29-2018,1,2,3,0.3333,0.6667,Pillar can see natural entrance,Terran,Zerg,1
180,Acropolis LE,PvT,4.10.1,8-21-2019,12036,10305,22341,0.5387,0.4613,Pillar can see natural entrance,Protoss,Terran,1
181,Acropolis LE,PvZ,4.10.1,8-21-2019,10958,11488,22446,0.4882,0.5118,Pillar can see natural entrance,Protoss,Zerg,1
182,Acropolis LE,TvZ,4.10.1,8-21-2019,12872,12403,25275,0.5093,0.4907,Pillar can see natural entrance,Terran,Zerg,1
183,Cyber Forest LE,PvT,4.10.1,8-21-2019,371,344,715,0.5189,0.4811,Pillar can see natural entrance,Protoss,Terran,1
184,Cyber Forest LE,PvZ,4.10.1,8-21-2019,371,419,790,0.4696,0.5304,Pillar can see natural entrance,Protoss,Zerg,1
185,Cyber Forest LE,TvZ,4.10.1,8-21-2019,459,424,883,0.5198,0.4802,Pillar can see natural entrance,Terran,Zerg,1
186,Disco Bloodbath LE,PvT,4.10.1,8-21-2019,8909,7723,16632,0.5357,0.4643,No pillar,Protoss,Terran,0
187,Disco Bloodbath LE,PvZ,4.10.1,8-21-2019,8188,8356,16544,0.4949,0.5051,No pillar,Protoss,Zerg,0
188,Disco Bloodbath LE,TvZ,4.10.1,8-21-2019,9904,8679,18583,0.533,0.467,No pillar,Terran,Zerg,0
189,Ephemeron LE,PvT,4.10.1,8-21-2019,21984,19456,41440,0.5305,0.4695,Pillar can see natural entrance,Protoss,Terran,1
190,Ephemeron LE,PvZ,4.10.1,8-21-2019,18890,19949,38839,0.4864,0.5136,Pillar can see natural entrance,Protoss,Zerg,1
191,Ephemeron LE,TvZ,4.10.1,8-21-2019,22325,20712,43037,0.5187,0.4813,Pillar can see natural entrance,Terran,Zerg,1
192,Eternal Empire LE,PvT,4.10.1,8-21-2019,9653,8780,18433,0.5237,0.4763,Pillar can see natural entrance,Protoss,Terran,1
193,Eternal Empire LE,PvZ,4.10.1,8-21-2019,8014,8394,16408,0.4884,0.5116,Pillar can see natural entrance,Protoss,Zerg,1
194,Eternal Empire LE,TvZ,4.10.1,8-21-2019,9742,8601,18343,0.5311,0.4689,Pillar can see natural entrance,Terran,Zerg,1
195,Kairos Junction LE,PvT,4.10.1,8-21-2019,452,412,864,0.5231,0.4769,Pillar can see natural entrance,Protoss,Terran,1
196,Kairos Junction LE,PvZ,4.10.1,8-21-2019,373,399,772,0.4832,0.5168,Pillar can see natural entrance,Protoss,Zerg,1
197,Kairos Junction LE,TvZ,4.10.1,8-21-2019,522,473,995,0.5246,0.4754,Pillar can see natural entrance,Terran,Zerg,1
198,King's Cove LE,PvT,4.10.1,8-21-2019,372,365,737,0.5047,0.4953,Pillar can see natural entrance,Protoss,Terran,1
199,King's Cove LE,PvZ,4.10.1,8-21-2019,318,363,681,0.467,0.533,Pillar can see natural entrance,Protoss,Zerg,1
200,King's Cove LE,TvZ,4.10.1,8-21-2019,525,466,991,0.5298,0.4702,Pillar can see natural entrance,Terran,Zerg,1
201,New Repugnancy LE,PvT,4.10.1,8-21-2019,435,349,784,0.5548,0.4452,Pillar can see natural entrance,Protoss,Terran,1
202,New Repugnancy LE,PvZ,4.10.1,8-21-2019,347,402,749,0.4633,0.5367,Pillar can see natural entrance,Protoss,Zerg,1
203,New Repugnancy LE,TvZ,4.10.1,8-21-2019,515,466,981,0.525,0.475,Pillar can see natural entrance,Terran,Zerg,1
204,Nightshade LE,PvT,4.10.1,8-21-2019,9727,8570,18297,0.5316,0.4684,Pillar can see natural entrance,Protoss,Terran,1
205,Nightshade LE,PvZ,4.10.1,8-21-2019,8277,8894,17171,0.482,0.518,Pillar can see natural entrance,Protoss,Zerg,1
206,Nightshade LE,TvZ,4.10.1,8-21-2019,10192,8884,19076,0.5343,0.4657,Pillar can see natural entrance,Terran,Zerg,1
207,Simulacrum LE,PvT,4.10.1,8-21-2019,10496,9341,19837,0.5291,0.4709,Pillar can see natural entrance,Protoss,Terran,1
208,Simulacrum LE,PvZ,4.10.1,8-21-2019,9207,10064,19271,0.4778,0.5222,Pillar can see natural entrance,Protoss,Zerg,1
209,Simulacrum LE,TvZ,4.10.1,8-21-2019,10646,10133,20779,0.5123,0.4877,Pillar can see natural entrance,Terran,Zerg,1
210,Thunderbird LE,PvT,4.10.1,8-21-2019,9418,7755,17173,0.5484,0.4516,Pillar cannot see natural entrance,Protoss,Terran,0
211,Thunderbird LE,PvZ,4.10.1,8-21-2019,8055,7935,15990,0.5038,0.4962,Pillar cannot see natural entrance,Protoss,Zerg,0
212,Thunderbird LE,TvZ,4.10.1,8-21-2019,9377,8475,17852,0.5253,0.4747,Pillar cannot see natural entrance,Terran,Zerg,0
213,Triton LE,PvT,4.10.1,8-21-2019,20665,17378,38043,0.5432,0.4568,Pillar can see natural entrance,Protoss,Terran,1
214,Triton LE,PvZ,4.10.1,8-21-2019,17928,19464,37392,0.4795,0.5205,Pillar can see natural entrance,Protoss,Zerg,1
215,Triton LE,TvZ,4.10.1,8-21-2019,21517,20144,41661,0.5165,0.4835,Pillar can see natural entrance,Terran,Zerg,1
216,Turbo Cruise '84 LE,PvT,4.10.1,8-21-2019,242,215,457,0.5295,0.4705,Pillar can see natural entrance,Protoss,Terran,1
217,Turbo Cruise '84 LE,PvZ,4.10.1,8-21-2019,190,210,400,0.475,0.525,Pillar can see natural entrance,Protoss,Zerg,1
218,Turbo Cruise '84 LE,TvZ,4.10.1,8-21-2019,265,236,501,0.5289,0.4711,Pillar can see natural entrance,Terran,Zerg,1
219,Winter's Gate LE,PvT,4.10.1,8-21-2019,7330,6366,13696,0.5352,0.4648,Pillar can see natural entrance,Protoss,Terran,1
220,Winter's Gate LE,PvZ,4.10.1,8-21-2019,5983,6973,12956,0.4618,0.5382,Pillar can see natural entrance,Protoss,Zerg,1
221,Winter's Gate LE,TvZ,4.10.1,8-21-2019,7962,7655,15617,0.5098,0.4902,Pillar can see natural entrance,Terran,Zerg,1
222,World of Sleepers LE,PvT,4.10.1,8-21-2019,17276,14435,31711,0.5448,0.4552,Pillar can see natural entrance,Protoss,Terran,1
223,World of Sleepers LE,PvZ,4.10.1,8-21-2019,15275,17547,32822,0.4654,0.5346,Pillar can see natural entrance,Protoss,Zerg,1
224,World of Sleepers LE,TvZ,4.10.1,8-21-2019,19234,19159,38393,0.501,0.499,Pillar can see natural entrance,Terran,Zerg,1
225,Zen LE,PvT,4.10.1,8-21-2019,6295,5506,11801,0.5334,0.4666,Pillar can see natural entrance,Protoss,Terran,1
226,Zen LE,PvZ,4.10.1,8-21-2019,4837,6170,11007,0.4394,0.5606,Pillar can see natural entrance,Protoss,Zerg,1
227,Zen LE,TvZ,4.10.1,8-21-2019,6676,6996,13672,0.4883,0.5117,Pillar can see natural entrance,Terran,Zerg,1
228,Deathaura LE,PvT,4.11.4,3-10-2020,10530,8590,19120,0.5507,0.4493,Pillar cannot see natural entrance,Protoss,Terran,0
229,Deathaura LE,PvZ,4.11.4,3-10-2020,9232,9637,18869,0.4893,0.5107,Pillar cannot see natural entrance,Protoss,Zerg,0
230,Deathaura LE,TvZ,4.11.4,3-10-2020,10012,9492,19504,0.5133,0.4867,Pillar cannot see natural entrance,Terran,Zerg,0
231,Ephemeron LE,PvT,4.11.4,3-10-2020,2883,2356,5239,0.5503,0.4497,Pillar can see natural entrance,Protoss,Terran,1
232,Ephemeron LE,PvZ,4.11.4,3-10-2020,2354,2347,4701,0.5007,0.4993,Pillar can see natural entrance,Protoss,Zerg,1
233,Ephemeron LE,TvZ,4.11.4,3-10-2020,2507,2323,4830,0.519,0.481,Pillar can see natural entrance,Terran,Zerg,1
234,Eternal Empire LE,PvT,4.11.4,3-10-2020,29262,25099,54361,0.5383,0.4617,Pillar can see natural entrance,Protoss,Terran,1
235,Eternal Empire LE,PvZ,4.11.4,3-10-2020,26215,27241,53456,0.4904,0.5096,Pillar can see natural entrance,Protoss,Zerg,1
236,Eternal Empire LE,TvZ,4.11.4,3-10-2020,29887,26822,56709,0.527,0.473,Pillar can see natural entrance,Terran,Zerg,1
237,Ever Dream LE,PvT,4.11.4,3-10-2020,29732,24746,54478,0.5458,0.4542,Pillar can see natural entrance,Protoss,Terran,1
238,Ever Dream LE,PvZ,4.11.4,3-10-2020,26475,29041,55516,0.4769,0.5231,Pillar can see natural entrance,Protoss,Zerg,1
239,Ever Dream LE,TvZ,4.11.4,3-10-2020,30248,28468,58716,0.5152,0.4848,Pillar can see natural entrance,Terran,Zerg,1
240,Golden Wall LE,PvT,4.11.4,3-10-2020,12775,11404,24179,0.5284,0.4716,Pillar can see natural entrance,Protoss,Terran,1
241,Golden Wall LE,PvZ,4.11.4,3-10-2020,10612,11798,22410,0.4735,0.5265,Pillar can see natural entrance,Protoss,Zerg,1
242,Golden Wall LE,TvZ,4.11.4,3-10-2020,11892,11723,23615,0.5036,0.4964,Pillar can see natural entrance,Terran,Zerg,1
243,Ice and Chrome LE,PvT,4.11.4,3-10-2020,10130,8333,18463,0.5487,0.4513,Pillar can see natural entrance,Protoss,Terran,1
244,Ice and Chrome LE,PvZ,4.11.4,3-10-2020,8796,9834,18630,0.4721,0.5279,Pillar can see natural entrance,Protoss,Zerg,1
245,Ice and Chrome LE,TvZ,4.11.4,3-10-2020,9986,9562,19548,0.5108,0.4892,Pillar can see natural entrance,Terran,Zerg,1
246,Nightshade LE,PvT,4.11.4,3-10-2020,18814,16168,34982,0.5378,0.4622,Pillar can see natural entrance,Protoss,Terran,1
247,Nightshade LE,PvZ,4.11.4,3-10-2020,17153,18081,35234,0.4868,0.5132,Pillar can see natural entrance,Protoss,Zerg,1
248,Nightshade LE,TvZ,4.11.4,3-10-2020,19671,17827,37498,0.5246,0.4754,Pillar can see natural entrance,Terran,Zerg,1
249,Pillars of Gold LE,PvT,4.11.4,3-10-2020,8953,7986,16939,0.5285,0.4715,Pillar can see natural entrance,Protoss,Terran,1
250,Pillars of Gold LE,PvZ,4.11.4,3-10-2020,8197,9508,17705,0.463,0.537,Pillar can see natural entrance,Protoss,Zerg,1
251,Pillars of Gold LE,TvZ,4.11.4,3-10-2020,9739,9206,18945,0.5141,0.4859,Pillar can see natural entrance,Terran,Zerg,1
252,Purity and Industry LE,PvT,4.11.4,3-10-2020,9769,8666,18435,0.5299,0.4701,Pillar can see natural entrance,Protoss,Terran,1
253,Purity and Industry LE,PvZ,4.11.4,3-10-2020,7481,7977,15458,0.484,0.516,Pillar can see natural entrance,Protoss,Zerg,1
254,Purity and Industry LE,TvZ,4.11.4,3-10-2020,8849,8185,17034,0.5195,0.4805,Pillar can see natural entrance,Terran,Zerg,1
255,Simulacrum LE,PvT,4.11.4,3-10-2020,20063,17192,37255,0.5385,0.4615,Pillar can see natural entrance,Protoss,Terran,1
256,Simulacrum LE,PvZ,4.11.4,3-10-2020,18098,20204,38302,0.4725,0.5275,Pillar can see natural entrance,Protoss,Zerg,1
257,Simulacrum LE,TvZ,4.11.4,3-10-2020,20609,19902,40511,0.5087,0.4913,Pillar can see natural entrance,Terran,Zerg,1
258,Submarine LE,PvT,4.11.4,3-10-2020,9252,8639,17891,0.5171,0.4829,Pillar can see natural entrance,Protoss,Terran,1
259,Submarine LE,PvZ,4.11.4,3-10-2020,8286,9330,17616,0.4704,0.5296,Pillar can see natural entrance,Protoss,Zerg,1
260,Submarine LE,TvZ,4.11.4,3-10-2020,9893,9405,19298,0.5126,0.4874,Pillar can see natural entrance,Terran,Zerg,1
261,Triton LE,PvT,4.11.4,3-10-2020,2688,2214,4902,0.5483,0.4517,Pillar can see natural entrance,Protoss,Terran,1
262,Triton LE,PvZ,4.11.4,3-10-2020,2108,2303,4411,0.4779,0.5221,Pillar can see natural entrance,Protoss,Zerg,1
263,Triton LE,TvZ,4.11.4,3-10-2020,2448,2377,4825,0.5074,0.4926,Pillar can see natural entrance,Terran,Zerg,1
264,World of Sleepers LE,PvT,4.11.4,3-10-2020,2034,1626,3660,0.5557,0.4443,Pillar can see natural entrance,Protoss,Terran,1
265,World of Sleepers LE,PvZ,4.11.4,3-10-2020,1873,2058,3931,0.4765,0.5235,Pillar can see natural entrance,Protoss,Zerg,1
266,World of Sleepers LE,TvZ,4.11.4,3-10-2020,2050,2159,4209,0.4871,0.5129,Pillar can see natural entrance,Terran,Zerg,1
267,Zen LE,PvT,4.11.4,3-10-2020,11507,9557,21064,0.5463,0.4537,Pillar can see natural entrance,Protoss,Terran,1
268,Zen LE,PvZ,4.11.4,3-10-2020,9128,11371,20499,0.4453,0.5547,Pillar can see natural entrance,Protoss,Zerg,1
269,Zen LE,TvZ,4.11.4,3-10-2020,11706,12485,24191,0.4839,0.5161,Pillar can see natural entrance,Terran,Zerg,1
270,Abiogenesis LE,PvT,4.2.1,3-19-2018,4363,4140,8503,0.5131,0.4869,Pillar can see natural entrance,Protoss,Terran,1
271,Abiogenesis LE,PvZ,4.2.1,3-19-2018,4147,4877,9024,0.4596,0.5404,Pillar can see natural entrance,Protoss,Zerg,1
272,Abiogenesis LE,TvZ,4.2.1,3-19-2018,5532,5737,11269,0.4909,0.5091,Pillar can see natural entrance,Terran,Zerg,1
273,Acid Plant LE,PvT,4.2.1,3-19-2018,5930,5100,11030,0.5376,0.4624,Pillar can see natural entrance,Protoss,Terran,1
274,Acid Plant LE,PvZ,4.2.1,3-19-2018,5941,6258,12199,0.487,0.513,Pillar can see natural entrance,Protoss,Zerg,1
275,Acid Plant LE,TvZ,4.2.1,3-19-2018,6594,6838,13432,0.4909,0.5091,Pillar can see natural entrance,Terran,Zerg,1
276,Backwater LE,PvT,4.2.1,3-19-2018,5688,5206,10894,0.5221,0.4779,Pillar cannot see natural entrance,Protoss,Terran,0
277,Backwater LE,PvZ,4.2.1,3-19-2018,5550,5840,11390,0.4873,0.5127,Pillar cannot see natural entrance,Protoss,Zerg,0
278,Backwater LE,TvZ,4.2.1,3-19-2018,6316,6299,12615,0.5007,0.4993,Pillar cannot see natural entrance,Terran,Zerg,0
279,Blackpink LE,PvT,4.2.1,3-19-2018,6298,5391,11689,0.5388,0.4612,Pillar can see natural entrance,Protoss,Terran,1
280,Blackpink LE,PvZ,4.2.1,3-19-2018,6406,6640,13046,0.491,0.509,Pillar can see natural entrance,Protoss,Zerg,1
281,Blackpink LE,TvZ,4.2.1,3-19-2018,7125,7367,14492,0.4917,0.5083,Pillar can see natural entrance,Terran,Zerg,1
282,Catalyst LE,PvT,4.2.1,3-19-2018,6518,5961,12479,0.5223,0.4777,Pillar can see natural entrance,Protoss,Terran,1
283,Catalyst LE,PvZ,4.2.1,3-19-2018,6541,7060,13601,0.4809,0.5191,Pillar can see natural entrance,Protoss,Zerg,1
284,Catalyst LE,TvZ,4.2.1,3-19-2018,8013,7556,15569,0.5147,0.4853,Pillar can see natural entrance,Terran,Zerg,1
285,Eastwatch LE,PvT,4.2.1,3-19-2018,4140,3789,7929,0.5221,0.4779,Pillar can see natural entrance,Protoss,Terran,1
286,Eastwatch LE,PvZ,4.2.1,3-19-2018,4168,4576,8744,0.4767,0.5233,Pillar can see natural entrance,Protoss,Zerg,1
287,Eastwatch LE,TvZ,4.2.1,3-19-2018,4920,5125,10045,0.4898,0.5102,Pillar can see natural entrance,Terran,Zerg,1
288,Neon Violet Square LE,PvT,4.2.1,3-19-2018,3856,3387,7243,0.5324,0.4676,No pillar,Protoss,Terran,0
289,Neon Violet Square LE,PvZ,4.2.1,3-19-2018,3869,3947,7816,0.495,0.505,No pillar,Protoss,Zerg,0
290,Neon Violet Square LE,TvZ,4.2.1,3-19-2018,4098,4193,8291,0.4943,0.5057,No pillar,Terran,Zerg,0
291,16-Bit LE,PvT,4.3,5-15-2018,8371,8174,16545,0.506,0.494,Pillar can see natural entrance,Protoss,Terran,1
292,16-Bit LE,PvZ,4.3,5-15-2018,7538,7069,14607,0.5161,0.4839,Pillar can see natural entrance,Protoss,Zerg,1
293,16-Bit LE,TvZ,4.3,5-15-2018,9424,8012,17436,0.5405,0.4595,Pillar can see natural entrance,Terran,Zerg,1
294,Abiogenesis LE,PvT,4.3,5-15-2018,1289,1159,2448,0.5266,0.4734,Pillar can see natural entrance,Protoss,Terran,1
295,Abiogenesis LE,PvZ,4.3,5-15-2018,1105,1382,2487,0.4443,0.5557,Pillar can see natural entrance,Protoss,Zerg,1
296,Abiogenesis LE,TvZ,4.3,5-15-2018,1516,1591,3107,0.4879,0.5121,Pillar can see natural entrance,Terran,Zerg,1
297,Acid Plant LE,PvT,4.3,5-15-2018,20540,17909,38449,0.5342,0.4658,Pillar can see natural entrance,Protoss,Terran,1
298,Acid Plant LE,PvZ,4.3,5-15-2018,19538,20223,39761,0.4914,0.5086,Pillar can see natural entrance,Protoss,Zerg,1
299,Acid Plant LE,TvZ,4.3,5-15-2018,21533,21566,43099,0.4996,0.5004,Pillar can see natural entrance,Terran,Zerg,1
300,Automaton LE,PvT,4.3,5-15-2018,8443,7089,15532,0.5436,0.4564,Pillar can see natural entrance,Protoss,Terran,1
301,Automaton LE,PvZ,4.3,5-15-2018,7708,7709,15417,0.5,0.5,Pillar can see natural entrance,Protoss,Zerg,1
302,Automaton LE,TvZ,4.3,5-15-2018,8539,8264,16803,0.5082,0.4918,Pillar can see natural entrance,Terran,Zerg,1
303,Backwater LE,PvT,4.3,5-15-2018,1732,1577,3309,0.5234,0.4766,Pillar cannot see natural entrance,Protoss,Terran,0
304,Backwater LE,PvZ,4.3,5-15-2018,1639,1626,3265,0.502,0.498,Pillar cannot see natural entrance,Protoss,Zerg,0
305,Backwater LE,TvZ,4.3,5-15-2018,1811,1783,3594,0.5039,0.4961,Pillar cannot see natural entrance,Terran,Zerg,0
306,Blackpink LE,PvT,4.3,5-15-2018,2026,1684,3710,0.5461,0.4539,Pillar can see natural entrance,Protoss,Terran,1
307,Blackpink LE,PvZ,4.3,5-15-2018,2030,2052,4082,0.4973,0.5027,Pillar can see natural entrance,Protoss,Zerg,1
308,Blackpink LE,TvZ,4.3,5-15-2018,2182,2244,4426,0.493,0.507,Pillar can see natural entrance,Terran,Zerg,1
309,Blueshift LE,PvT,4.3,5-15-2018,17422,15214,32636,0.5338,0.4662,Pillar can see natural entrance,Protoss,Terran,1
310,Blueshift LE,PvZ,4.3,5-15-2018,16594,17167,33761,0.4915,0.5085,Pillar can see natural entrance,Protoss,Zerg,1
311,Blueshift LE,TvZ,4.3,5-15-2018,18595,18514,37109,0.5011,0.4989,Pillar can see natural entrance,Terran,Zerg,1
312,Catalyst LE,PvT,4.3,5-15-2018,12182,11059,23241,0.5242,0.4758,Pillar can see natural entrance,Protoss,Terran,1
313,Catalyst LE,PvZ,4.3,5-15-2018,11679,11671,23350,0.5002,0.4998,Pillar can see natural entrance,Protoss,Zerg,1
314,Catalyst LE,TvZ,4.3,5-15-2018,13370,12910,26280,0.5088,0.4912,Pillar can see natural entrance,Terran,Zerg,1
315,Cerulean Fall LE,PvT,4.3,5-15-2018,14524,12981,27505,0.528,0.472,Pillar can see natural entrance,Protoss,Terran,1
316,Cerulean Fall LE,PvZ,4.3,5-15-2018,14688,15271,29959,0.4903,0.5097,Pillar can see natural entrance,Protoss,Zerg,1
317,Cerulean Fall LE,TvZ,4.3,5-15-2018,16560,16199,32759,0.5055,0.4945,Pillar can see natural entrance,Terran,Zerg,1
318,Cyber Forest LE,PvT,4.3,5-15-2018,3389,2848,6237,0.5434,0.4566,Pillar can see natural entrance,Protoss,Terran,1
319,Cyber Forest LE,PvZ,4.3,5-15-2018,3032,3375,6407,0.4732,0.5268,Pillar can see natural entrance,Protoss,Zerg,1
320,Cyber Forest LE,TvZ,4.3,5-15-2018,3287,3305,6592,0.4986,0.5014,Pillar can see natural entrance,Terran,Zerg,1
321,Darkness Sanctuary LE,PvT,4.3,5-15-2018,3723,3030,6753,0.5513,0.4487,Pillar can see natural entrance,Protoss,Terran,1
322,Darkness Sanctuary LE,PvZ,4.3,5-15-2018,3276,3841,7117,0.4603,0.5397,Pillar can see natural entrance,Protoss,Zerg,1
323,Darkness Sanctuary LE,TvZ,4.3,5-15-2018,3876,4119,7995,0.4848,0.5152,Pillar can see natural entrance,Terran,Zerg,1
324,Dreamcatcher LE,PvT,4.3,5-15-2018,13149,12352,25501,0.5156,0.4844,No pillar,Protoss,Terran,0
325,Dreamcatcher LE,PvZ,4.3,5-15-2018,12020,13208,25228,0.4765,0.5235,No pillar,Protoss,Zerg,0
326,Dreamcatcher LE,TvZ,4.3,5-15-2018,14844,14594,29438,0.5042,0.4958,No pillar,Terran,Zerg,0
327,Eastwatch LE,PvT,4.3,5-15-2018,1284,1094,2378,0.5399,0.4601,Pillar can see natural entrance,Protoss,Terran,1
328,Eastwatch LE,PvZ,4.3,5-15-2018,1189,1302,2491,0.4773,0.5227,Pillar can see natural entrance,Protoss,Zerg,1
329,Eastwatch LE,TvZ,4.3,5-15-2018,1293,1386,2679,0.4826,0.5174,Pillar can see natural entrance,Terran,Zerg,1
330,Fracture LE,PvT,4.3,5-15-2018,7590,7375,14965,0.5072,0.4928,Pillar cannot see natural entrance,Protoss,Terran,0
331,Fracture LE,PvZ,4.3,5-15-2018,7458,7904,15362,0.4855,0.5145,Pillar cannot see natural entrance,Protoss,Zerg,0
332,Fracture LE,TvZ,4.3,5-15-2018,8898,8388,17286,0.5148,0.4852,Pillar cannot see natural entrance,Terran,Zerg,0
333,Kairos Junction LE,PvT,4.3,5-15-2018,10592,9403,19995,0.5297,0.4703,Pillar can see natural entrance,Protoss,Terran,1
334,Kairos Junction LE,PvZ,4.3,5-15-2018,9591,9885,19476,0.4925,0.5075,Pillar can see natural entrance,Protoss,Zerg,1
335,Kairos Junction LE,TvZ,4.3,5-15-2018,11260,10484,21744,0.5178,0.4822,Pillar can see natural entrance,Terran,Zerg,1
336,King's Cove LE,PvT,4.3,5-15-2018,2669,2370,5039,0.5297,0.4703,Pillar can see natural entrance,Protoss,Terran,1
337,King's Cove LE,PvZ,4.3,5-15-2018,2656,2693,5349,0.4965,0.5035,Pillar can see natural entrance,Protoss,Zerg,1
338,King's Cove LE,TvZ,4.3,5-15-2018,2866,2665,5531,0.5182,0.4818,Pillar can see natural entrance,Terran,Zerg,1
339,Lost and Found LE,PvT,4.3,5-15-2018,19640,17022,36662,0.5357,0.4643,Pillar can see natural entrance,Protoss,Terran,1
340,Lost and Found LE,PvZ,4.3,5-15-2018,18491,19945,38436,0.4811,0.5189,Pillar can see natural entrance,Protoss,Zerg,1
341,Lost and Found LE,TvZ,4.3,5-15-2018,19685,21741,41426,0.4752,0.5248,Pillar can see natural entrance,Terran,Zerg,1
342,Neon Violet Square LE,PvT,4.3,5-15-2018,1149,992,2141,0.5367,0.4633,No pillar,Protoss,Terran,0
343,Neon Violet Square LE,PvZ,4.3,5-15-2018,1108,1136,2244,0.4938,0.5062,No pillar,Protoss,Zerg,0
344,Neon Violet Square LE,TvZ,4.3,5-15-2018,1117,1112,2229,0.5011,0.4989,No pillar,Terran,Zerg,0
345,New Repugnancy LE,PvT,4.3,5-15-2018,3439,3003,6442,0.5338,0.4662,Pillar can see natural entrance,Protoss,Terran,1
346,New Repugnancy LE,PvZ,4.3,5-15-2018,3181,3253,6434,0.4944,0.5056,Pillar can see natural entrance,Protoss,Zerg,1
347,New Repugnancy LE,TvZ,4.3,5-15-2018,3432,3212,6644,0.5166,0.4834,Pillar can see natural entrance,Terran,Zerg,1
348,Para Site LE,PvT,4.3,5-15-2018,13343,11629,24972,0.5343,0.4657,Pillar can see natural entrance,Protoss,Terran,1
349,Para Site LE,PvZ,4.3,5-15-2018,14084,14260,28344,0.4969,0.5031,Pillar can see natural entrance,Protoss,Zerg,1
350,Para Site LE,TvZ,4.3,5-15-2018,13559,14094,27653,0.4903,0.5097,Pillar can see natural entrance,Terran,Zerg,1
351,Port Aleksander LE,PvT,4.3,5-15-2018,9952,8612,18564,0.5361,0.4639,No pillar,Protoss,Terran,0
352,Port Aleksander LE,PvZ,4.3,5-15-2018,9307,9503,18810,0.4948,0.5052,No pillar,Protoss,Zerg,0
353,Port Aleksander LE,TvZ,4.3,5-15-2018,10292,10008,20300,0.507,0.493,No pillar,Terran,Zerg,0
354,Redshift LE,PvT,4.3,5-15-2018,4398,3966,8364,0.5258,0.4742,Pillar can see natural entrance,Protoss,Terran,1
355,Redshift LE,PvZ,4.3,5-15-2018,3432,3883,7315,0.4692,0.5308,Pillar can see natural entrance,Protoss,Zerg,1
356,Redshift LE,TvZ,4.3,5-15-2018,4400,4553,8953,0.4915,0.5085,Pillar can see natural entrance,Terran,Zerg,1
357,Stasis LE,PvT,4.3,5-15-2018,3486,2989,6475,0.5384,0.4616,Pillar cannot see natural entrance,Protoss,Terran,0
358,Stasis LE,PvZ,4.3,5-15-2018,2833,3179,6012,0.4712,0.5288,Pillar cannot see natural entrance,Protoss,Zerg,0
359,Stasis LE,TvZ,4.3,5-15-2018,3321,3250,6571,0.5054,0.4946,Pillar cannot see natural entrance,Terran,Zerg,0
360,Year Zero LE,PvT,4.3,5-15-2018,2575,2092,4667,0.5517,0.4483,Pillar can see natural entrance,Protoss,Terran,1
361,Year Zero LE,PvZ,4.3,5-15-2018,2452,2501,4953,0.4951,0.5049,Pillar can see natural entrance,Protoss,Zerg,1
362,Year Zero LE,TvZ,4.3,5-15-2018,2371,2364,4735,0.5007,0.4993,Pillar can see natural entrance,Terran,Zerg,1
363,Acropolis LE,PvT,4.8.3,3-25-2019,10667,8809,19476,0.5477,0.4523,Pillar can see natural entrance,Protoss,Terran,1
364,Acropolis LE,PvZ,4.8.3,3-25-2019,9604,10061,19665,0.4884,0.5116,Pillar can see natural entrance,Protoss,Zerg,1
365,Acropolis LE,TvZ,4.8.3,3-25-2019,10606,10491,21097,0.5027,0.4973,Pillar can see natural entrance,Terran,Zerg,1
366,Automaton LE,PvT,4.8.3,3-25-2019,7932,6594,14526,0.5461,0.4539,Pillar can see natural entrance,Protoss,Terran,1
367,Automaton LE,PvZ,4.8.3,3-25-2019,6896,7234,14130,0.488,0.512,Pillar can see natural entrance,Protoss,Zerg,1
368,Automaton LE,TvZ,4.8.3,3-25-2019,7668,7222,14890,0.515,0.485,Pillar can see natural entrance,Terran,Zerg,1
369,Cyber Forest LE,PvT,4.8.3,3-25-2019,18003,15110,33113,0.5437,0.4563,Pillar can see natural entrance,Protoss,Terran,1
370,Cyber Forest LE,PvZ,4.8.3,3-25-2019,16053,18498,34551,0.4646,0.5354,Pillar can see natural entrance,Protoss,Zerg,1
371,Cyber Forest LE,TvZ,4.8.3,3-25-2019,18532,18906,37438,0.495,0.505,Pillar can see natural entrance,Terran,Zerg,1
372,Kairos Junction LE,PvT,4.8.3,3-25-2019,20360,18271,38631,0.527,0.473,Pillar can see natural entrance,Protoss,Terran,1
373,Kairos Junction LE,PvZ,4.8.3,3-25-2019,17706,19098,36804,0.4811,0.5189,Pillar can see natural entrance,Protoss,Zerg,1
374,Kairos Junction LE,TvZ,4.8.3,3-25-2019,21615,20011,41626,0.5193,0.4807,Pillar can see natural entrance,Terran,Zerg,1
375,King's Cove LE,PvT,4.8.3,3-25-2019,16382,14754,31136,0.5261,0.4739,Pillar can see natural entrance,Protoss,Terran,1
376,King's Cove LE,PvZ,4.8.3,3-25-2019,15326,15624,30950,0.4952,0.5048,Pillar can see natural entrance,Protoss,Zerg,1
377,King's Cove LE,TvZ,4.8.3,3-25-2019,18106,17058,35164,0.5149,0.4851,Pillar can see natural entrance,Terran,Zerg,1
378,New Repugnancy LE,PvT,4.8.3,3-25-2019,18382,16753,35135,0.5232,0.4768,Pillar can see natural entrance,Protoss,Terran,1
379,New Repugnancy LE,PvZ,4.8.3,3-25-2019,16613,18083,34696,0.4788,0.5212,Pillar can see natural entrance,Protoss,Zerg,1
380,New Repugnancy LE,TvZ,4.8.3,3-25-2019,20326,19002,39328,0.5168,0.4832,Pillar can see natural entrance,Terran,Zerg,1
381,Port Aleksander LE,PvT,4.8.3,3-25-2019,10207,8427,18634,0.5478,0.4522,No pillar,Protoss,Terran,0
382,Port Aleksander LE,PvZ,4.8.3,3-25-2019,9052,9540,18592,0.4869,0.5131,No pillar,Protoss,Zerg,0
383,Port Aleksander LE,TvZ,4.8.3,3-25-2019,9848,9684,19532,0.5042,0.4958,No pillar,Terran,Zerg,0
384,Thunderbird LE,PvT,4.8.3,3-25-2019,8190,6323,14513,0.5643,0.4357,Pillar cannot see natural entrance,Protoss,Terran,0
385,Thunderbird LE,PvZ,4.8.3,3-25-2019,7202,6935,14137,0.5094,0.4906,Pillar cannot see natural entrance,Protoss,Zerg,0
386,Thunderbird LE,TvZ,4.8.3,3-25-2019,7833,7207,15040,0.5208,0.4792,Pillar cannot see natural entrance,Terran,Zerg,0
387,Turbo Cruise '84 LE,PvT,4.8.3,3-25-2019,5721,5237,10958,0.5221,0.4779,Pillar can see natural entrance,Protoss,Terran,1
388,Turbo Cruise '84 LE,PvZ,4.8.3,3-25-2019,4796,5233,10029,0.4782,0.5218,Pillar can see natural entrance,Protoss,Zerg,1
389,Turbo Cruise '84 LE,TvZ,4.8.3,3-25-2019,5807,5449,11256,0.5159,0.4841,Pillar can see natural entrance,Terran,Zerg,1
390,Year Zero LE,PvT,4.8.3,3-25-2019,6181,5114,11295,0.5472,0.4528,Pillar can see natural entrance,Protoss,Terran,1
391,Year Zero LE,PvZ,4.8.3,3-25-2019,5834,6159,11993,0.4865,0.5135,Pillar can see natural entrance,Protoss,Zerg,1
392,Year Zero LE,TvZ,4.8.3,3-25-2019,6097,5849,11946,0.5104,0.4896,Pillar can see natural entrance,Terran,Zerg,1
393,Deathaura LE,PvT,5.0.2,8-20-2020,11784,9580,21364,0.5516,0.4484,Pillar cannot see natural entrance,Protoss,Terran,0
394,Deathaura LE,PvZ,5.0.2,8-20-2020,10691,10525,21216,0.5039,0.4961,Pillar cannot see natural entrance,Protoss,Zerg,0
395,Deathaura LE,TvZ,5.0.2,8-20-2020,10736,10108,20844,0.5151,0.4849,Pillar cannot see natural entrance,Terran,Zerg,0
396,Eternal Empire LE,PvT,5.0.2,8-20-2020,8214,6986,15200,0.5404,0.4596,Pillar can see natural entrance,Protoss,Terran,1
397,Eternal Empire LE,PvZ,5.0.2,8-20-2020,7143,7513,14656,0.4874,0.5126,Pillar can see natural entrance,Protoss,Zerg,1
398,Eternal Empire LE,TvZ,5.0.2,8-20-2020,7895,7101,14996,0.5265,0.4735,Pillar can see natural entrance,Terran,Zerg,1
399,Ever Dream LE,PvT,5.0.2,8-20-2020,9046,7512,16558,0.5463,0.4537,Pillar can see natural entrance,Protoss,Terran,1
400,Ever Dream LE,PvZ,5.0.2,8-20-2020,8407,8660,17067,0.4926,0.5074,Pillar can see natural entrance,Protoss,Zerg,1
401,Ever Dream LE,TvZ,5.0.2,8-20-2020,9157,8468,17625,0.5195,0.4805,Pillar can see natural entrance,Terran,Zerg,1
402,Golden Wall LE,PvT,5.0.2,8-20-2020,3181,2784,5965,0.5333,0.4667,Pillar can see natural entrance,Protoss,Terran,1
403,Golden Wall LE,PvZ,5.0.2,8-20-2020,2672,2876,5548,0.4816,0.5184,Pillar can see natural entrance,Protoss,Zerg,1
404,Golden Wall LE,TvZ,5.0.2,8-20-2020,2965,2867,5832,0.5084,0.4916,Pillar can see natural entrance,Terran,Zerg,1
405,Ice and Chrome LE,PvT,5.0.2,8-20-2020,8169,6890,15059,0.5425,0.4575,Pillar can see natural entrance,Protoss,Terran,1
406,Ice and Chrome LE,PvZ,5.0.2,8-20-2020,7686,8082,15768,0.4874,0.5126,Pillar can see natural entrance,Protoss,Zerg,1
407,Ice and Chrome LE,TvZ,5.0.2,8-20-2020,8261,7713,15974,0.5172,0.4828,Pillar can see natural entrance,Terran,Zerg,1
408,Jagannatha LE,PvT,5.0.2,8-20-2020,2802,2459,5261,0.5326,0.4674,Pillar can see natural entrance,Protoss,Terran,1
409,Jagannatha LE,PvZ,5.0.2,8-20-2020,2714,2889,5603,0.4844,0.5156,Pillar can see natural entrance,Protoss,Zerg,1
410,Jagannatha LE,TvZ,5.0.2,8-20-2020,2555,2742,5297,0.4823,0.5177,Pillar can see natural entrance,Terran,Zerg,1
411,Lightshade LE,PvT,5.0.2,8-20-2020,3113,2721,5834,0.5336,0.4664,Pillar can see natural entrance,Protoss,Terran,1
412,Lightshade LE,PvZ,5.0.2,8-20-2020,3032,3048,6080,0.4987,0.5013,Pillar can see natural entrance,Protoss,Zerg,1
413,Lightshade LE,TvZ,5.0.2,8-20-2020,3296,3214,6510,0.5063,0.4937,Pillar can see natural entrance,Terran,Zerg,1
414,Oxide LE,PvT,5.0.2,8-20-2020,2946,2654,5600,0.5261,0.4739,Pillar can see natural entrance,Protoss,Terran,1
415,Oxide LE,PvZ,5.0.2,8-20-2020,2633,2633,5266,0.5,0.5,Pillar can see natural entrance,Protoss,Zerg,1
416,Oxide LE,TvZ,5.0.2,8-20-2020,2871,2716,5587,0.5139,0.4861,Pillar can see natural entrance,Terran,Zerg,1
417,Pillars of Gold LE,PvT,5.0.2,8-20-2020,9477,8512,17989,0.5268,0.4732,Pillar can see natural entrance,Protoss,Terran,1
418,Pillars of Gold LE,PvZ,5.0.2,8-20-2020,8942,9720,18662,0.4792,0.5208,Pillar can see natural entrance,Protoss,Zerg,1
419,Pillars of Gold LE,TvZ,5.0.2,8-20-2020,10068,9334,19402,0.5189,0.4811,Pillar can see natural entrance,Terran,Zerg,1
420,Romanticide LE,PvT,5.0.2,8-20-2020,3017,2551,5568,0.5418,0.4582,Pillar can see natural entrance,Protoss,Terran,1
421,Romanticide LE,PvZ,5.0.2,8-20-2020,2726,2629,5355,0.5091,0.4909,Pillar can see natural entrance,Protoss,Zerg,1
422,Romanticide LE,TvZ,5.0.2,8-20-2020,2996,2761,5757,0.5204,0.4796,Pillar can see natural entrance,Terran,Zerg,1
423,Submarine LE,PvT,5.0.2,8-20-2020,9602,8738,18340,0.5236,0.4764,Pillar can see natural entrance,Protoss,Terran,1
424,Submarine LE,PvZ,5.0.2,8-20-2020,8257,9197,17454,0.4731,0.5269,Pillar can see natural entrance,Protoss,Zerg,1
425,Submarine LE,TvZ,5.0.2,8-20-2020,9858,8973,18831,0.5235,0.4765,Pillar can see natural entrance,Terran,Zerg,1
